Province,Container,Size_Grade,Weight_Kg,AVERAGE of Low_Price,AVERAGE of High_Price
CAPE,AA015,1S,1.5,74,76
CAPE,AC030,1M,3,18,18
CAPE,AC030,1S,3,25.20512821,27.43589744
CAPE,AC030,2S,3,42.5,45
CAPE,AC050,1L,5,120,120
CAPE,AC050,1M,5,70,70
CAPE,AC050,1S,5,120,120
CAPE,AC050,1X,5,150,250
CAPE,AC050,2L,5,115,120
CAPE,AC050,2M,5,105,122.5
CAPE,AC050,2S,5,92,96
CAPE,AD040,1S,4,9.125,13.3125
CAPE,AD040,1U,4,40,40
CAPE,AD040,2M,4,29.44444444,29.44444444
CAPE,AD040,2S,4,13,13
CAPE,AE050,1M,5,20,76.66666667
CAPE,AE050,L,5,28,28
CAPE,AE050,M,5,28,28
CAPE,AE050,S,5,28,28
CAPE,AG070,1G,7,11.88888889,25
CAPE,AG070,1L,7,25.33898305,37.71186441
CAPE,AG070,1M,7,25.19642857,30.07142857
CAPE,AG070,1S,7,23.15384615,25.38461538
CAPE,AG070,1X,7,28.9,33.7
CAPE,AG070,2L,7,27.26829268,33.68292683
CAPE,AG070,2M,7,24.3877551,28.57142857
CAPE,AG070,2S,7,22.32,23.72
CAPE,AG070,2U,7,21.85714286,23.57142857
CAPE,AG070,2X,7,39.28571429,44.5
CAPE,AJ100,1G,10,23.35714286,40.71428571
CAPE,AJ100,1L,10,28.57142857,38.85714286
CAPE,AJ100,1M,10,45,45
CAPE,AJ100,1S,10,45,45
CAPE,AJ100,1X,10,32.94117647,43.05882353
CAPE,AJ100,2L,10,60,60
CAPE,AJ100,2S,10,39.16666667,42.5
CAPE,AJ100,2X,10,34.56,40.8
CAPE,AJ100,L,10,27.09677419,32.87096774
CAPE,AJ100,M,10,33,38
CAPE,AJ100,S,10,46.66666667,60
CAPE,AO150,L,15,52.03125,62.5
CAPE,AO150,M,15,50,53.33333333
CAPE,AO150,X,15,53.75,53.75
CAPE,AT200,L,20,84,92
CAPE,AX015,3U,1.5,10,12
CAPE,AZ035,1S,3.5,10.8,13.4
CAPE,AZ035,2S,3.5,10,10
CAPE,BD050,2L,5,17.09090909,18.81818182
CAPE,BD050,2M,5,13.11764706,13.76470588
CAPE,BD050,2S,5,13.2,13.2
CAPE,BD100,1M,10,57.72727273,67.42424242
CAPE,BD100,1R,10,67.6,69
CAPE,BD100,1U,10,45,84
CAPE,BD100,1Z,10,63,67
CAPE,BD100,2M,10,128,128
CAPE,BD100,2R,10,128,128
CAPE,BE060,1L,6,122.5,140.8333333
CAPE,BE060,1M,6,92.03703704,125.5555556
CAPE,BF070,1L,7,35,35
CAPE,BF070,1M,7,51.75,55.25
CAPE,BF070,2L,7,60,60
CAPE,BF070,2M,7,43.57142857,45.71428571
CAPE,BI100,1L,10,67.85714286,80.95238095
CAPE,BI100,1M,10,73.91666667,92.08333333
CAPE,BI100,1S,10,45.90625,51.9375
CAPE,BI100,1U,10,30.83333333,36.66666667
CAPE,BI100,1X,10,51.75,73.75
CAPE,BI100,2L,10,49.16666667,49.44444444
CAPE,BI100,2M,10,45.13513514,49.59459459
CAPE,BI100,2S,10,33.7,37.7
CAPE,BI100,2U,10,32.14285714,34.28571429
CAPE,BI100,2X,10,53.84615385,60
CAPE,BI100,3G,10,100,100
CAPE,BI100,3L,10,80,80
CAPE,BI100,3M,10,70,70
CAPE,BI100,3S,10,55,55
CAPE,BI100,3X,10,90,90
CAPE,BJ090,1X,9,47,51.5
CAPE,BJ100,1L,10,50,50
CAPE,BJ100,2U,10,30,30
CAPE,BM050,1L,5,43.9,50.1
CAPE,BM050,1M,5,42.25,49.66666667
CAPE,BM050,1S,5,28.44444444,40.44444444
CAPE,BM050,1U,5,31.66666667,32.22222222
CAPE,BM050,1X,5,52,52
CAPE,BM050,1Z,5,45,50
CAPE,BN150,1G,15,90,102.4137931
CAPE,BN150,1L,15,93.10344828,110.6896552
CAPE,BN150,1M,15,75.61971831,96.57746479
CAPE,BN150,1S,15,71.31355932,80.59322034
CAPE,BN150,1U,15,70,70
CAPE,BN150,1X,15,103.75,108.75
CAPE,BN150,2G,15,54.53125,61.09375
CAPE,BN150,2L,15,72.66129032,96.77419355
CAPE,BN150,2M,15,64.14285714,85.21428571
CAPE,BN150,2S,15,61.96969697,85.75757576
CAPE,BN150,2U,15,58,58
CAPE,BN150,2X,15,85,87.64705882
CAPE,BN150,3M,15,64.34782609,80.43478261
CAPE,BN150,3S,15,64.42307692,79.80769231
CAPE,BS060,1L,6,45.875,53.01785714
CAPE,BS060,1M,6,41.03030303,47.07575758
CAPE,BS060,1R,6,38.39393939,42.81818182
CAPE,BS060,1S,6,36.48387097,38.32258065
CAPE,BS060,1X,6,52.85,57.575
CAPE,BS060,1Z,6,45.19047619,52.65079365
CAPE,BS060,2L,6,31.375,36.375
CAPE,BS060,2M,6,39.76923077,42.46153846
CAPE,BS060,2R,6,38.78571429,39.85714286
CAPE,BS060,2X,6,46.25,46.25
CAPE,BS060,2Z,6,38.41176471,43.94117647
CAPE,BS060,3L,6,37,41
CAPE,BS060,3M,6,39.0625,43.125
CAPE,BS060,3R,6,33.64285714,40.85714286
CAPE,BS060,3X,6,45,45
CAPE,BS060,3Z,6,38.46153846,42.46153846
CAPE,BV150,1G,15,80,80
CAPE,BV150,1L,15,95,100
CAPE,BV150,1M,15,56.66666667,61.66666667
CAPE,BV150,1S,15,64.5,73
CAPE,BV150,1U,15,30,30
CAPE,BV150,2M,15,100,100
CAPE,BV150,2U,15,61.2,61.2
CAPE,BW100,1L,10,58.33333333,61.66666667
CAPE,BW100,1M,10,48.75,53.125
CAPE,BW100,1S,10,36.25,41.25
CAPE,BW100,1U,10,45,45
CAPE,BW100,1X,10,70,75
CAPE,BW100,2L,10,58.75,63.75
CAPE,BW100,2M,10,43.57142857,51.42857143
CAPE,BW100,2S,10,38.33333333,40.41666667
CAPE,BW100,2X,10,61.25,64.375
CAPE,BX150,1L,15,54.44444444,56.66666667
CAPE,BY150,1G,15,90.55555556,145.5555556
CAPE,BY150,1L,15,66.93548387,86.12903226
CAPE,BY150,1M,15,60,66.66666667
CAPE,BY150,1S,15,50,50
CAPE,BY150,1X,15,72.5,97.5
CAPE,CB045,1,4.5,57.27118644,66.49152542
CAPE,CC082,1,8.2,105,106
CAPE,CC082,2,8.2,80,80
CAPE,CZ015,1,1.5,20.23282443,24.73664122
CAPE,DL070,1L,7,41.66666667,45
CAPE,DL070,1M,7,80,90
CAPE,EC120,1L,12,89.88474576,103.3220339
CAPE,EC120,1M,12,101.7783784,134.5009009
CAPE,EC120,1S,12,78.91754386,105.427193
CAPE,EC120,2S,12,65.42857143,75.30952381
CAPE,EF120,1M,12,85,95
CAPE,EF120,1S,12,79.35211268,90.98591549
CAPE,EG140,1S,14,114,114
CAPE,HF060,M,6,29.64705882,33.23529412
CAPE,HG070,M,7,43.75,47.5
CAPE,HH080,M,8,36.19047619,40.23809524
CAPE,HJ100,L,10,43.57142857,48.33333333
CAPE,HL120,X,12,38.75,41.875
CAPE,IA400,1M,400,1721.73913,1791.304348
CAPE,IA400,1S,400,1644.315789,1829.052632
CAPE,IA400,2S,400,1433,1480
CAPE,IB420,1,420,1770,1770
CAPE,IB420,1S,420,1275,1275
CAPE,IF380,1S,380,1624,1625
CAPE,IG500,1G,500,200,200
CAPE,IG500,1L,500,500,500
CAPE,IG500,1M,500,3600,3766.666667
CAPE,IG500,1S,500,1166.666667,1166.666667
CAPE,IG500,1X,500,2000,2000
CAPE,IG500,2L,500,1000,1000
CAPE,IG500,2M,500,1000,1000
CAPE,IG500,2S,500,1333.333333,1333.333333
CAPE,IG500,3L,500,1000,1000
CAPE,IG500,3M,500,1000,1000
CAPE,IG500,3S,500,1000,1000
CAPE,JA050,1A,5,36.78947368,45.26315789
CAPE,JA050,1B,5,65,65
CAPE,JA050,2A,5,35.55555556,42.44444444
CAPE,JA050,2B,5,27.66666667,35.66666667
CAPE,JA050,2C,5,28.5,47
CAPE,JA050,2L,5,66.66666667,70
CAPE,JA050,2S,5,72.5,83.75
CAPE,JA050,2X,5,30,30
CAPE,JC070,1A,7,95,95
CAPE,JC070,2A,7,40,40
CAPE,JC070,2B,7,45,45
CAPE,JC070,2C,7,50,50
CAPE,JC070,2S,7,48.75,50
CAPE,JE090,1,9,72.71666667,92.125
CAPE,JE090,2,9,60.69127517,84.02684564
CAPE,JE090,1A,9,51.66666667,72.93333333
CAPE,JE090,1B,9,60.3125,68.125
CAPE,JE090,1C,9,35.28125,48.875
CAPE,JE090,1L,9,120,130
CAPE,JE090,1M,9,60.92465753,71.68493151
CAPE,JE090,1S,9,82,82
CAPE,JE090,1X,9,85,85
CAPE,JE090,2A,9,59.33333333,75.29166667
CAPE,JE090,2B,9,51.56976744,67.44186047
CAPE,JE090,2C,9,45,52.2826087
CAPE,JE090,2L,9,57.76491228,71.50526316
CAPE,JE090,2M,9,53.94041451,67.50129534
CAPE,JE090,2S,9,49.95714088,62.21270718
CAPE,JE090,2U,9,43.42281879,47.31543624
CAPE,JE090,2X,9,57.26845638,64.43624161
CAPE,JF100,1A,10,90,90
CAPE,JF100,1M,10,80,81.5
CAPE,JF100,2L,10,48.84615385,70
CAPE,JF100,2M,10,49.28571429,58.92857143
CAPE,JF100,2S,10,61.36363636,65.45454545
CAPE,JF100,2X,10,57.85714286,71.42857143
CAPE,JG110,1B,11,110,120
CAPE,JG110,1M,11,72.5,75
CAPE,JG110,1S,11,120,120
CAPE,JG110,2A,11,75,90
CAPE,JG110,2B,11,50,70
CAPE,JG110,2C,11,70,75
CAPE,JG110,2L,11,49.69387755,53.7755102
CAPE,JG110,2M,11,61.12244898,66.8877551
CAPE,JG110,2S,11,55.88235294,62.52941176
CAPE,JG110,2U,11,51.66666667,53.33333333
CAPE,JG110,2X,11,58.61111111,64.72222222
CAPE,JV040,1,4,70,90
CAPE,KA100,1L,10,450,500
CAPE,KR200,1M,20,95,95
CAPE,KR200,3L,20,100,120
CAPE,KR200,3M,20,120,124
CAPE,KR200,3R,20,120,120
CAPE,KR200,3S,20,86.66666667,90
CAPE,KR200,3X,20,100,150
CAPE,KR200,3Z,20,130,135
CAPE,LA020,1L,2,21.44444444,24.83333333
CAPE,LA020,1M,2,20.95454545,26.31818182
CAPE,LA020,1S,2,14.42105263,19.42105263
CAPE,LA020,2L,2,20,20
CAPE,LA020,2S,2,10,10
CAPE,LB043,1L,4.3,21.66666667,23.33333333
CAPE,LB043,1S,4.3,15,15
CAPE,LB043,1X,4.3,20.44444444,22
CAPE,LB043,2M,4.3,32.5,42.5
CAPE,LB043,2S,4.3,22.5,22.5
CAPE,LC080,1G,8,46.83333333,66.16666667
CAPE,LC080,1L,8,43.76923077,61.92307692
CAPE,LC080,1M,8,31.82608696,66.08695652
CAPE,LC080,1S,8,26.17647059,48.17647059
CAPE,LC080,1U,8,27.28571429,36.07142857
CAPE,LC080,1X,8,55,65
CAPE,LC080,3G,8,42.66666667,42.66666667
CAPE,LC080,3M,8,25,25
CAPE,LC080,3S,8,25,25
CAPE,LD080,1L,8,45,56.53846154
CAPE,LD080,1M,8,46.825,64.075
CAPE,LD080,1S,8,30,30
CAPE,LD080,1X,8,46.25,50
CAPE,LD080,2M,8,70,70
CAPE,LE040,1,4,23.08333333,30.25
CAPE,LE040,2,4,30,30
CAPE,LE040,1L,4,46.66666667,46.66666667
CAPE,LI060,L,6,24,24
CAPE,LI060,M,6,26,26.5
CAPE,LU150,L,15,28.33333333,28.33333333
CAPE,M4155,1L,15.5,73.33333333,86.66666667
CAPE,M4155,1M,15.5,130,143.3333333
CAPE,M4155,1U,15.5,60,60
CAPE,M4155,1X,15.5,100,110
CAPE,M4183,1L,18.3,128.4872483,156.4147651
CAPE,M4183,1M,18.3,126.3815029,143.2745665
CAPE,M4183,1S,18.3,112.8469388,132.1734694
CAPE,M4183,1U,18.3,79.09090909,96.36363636
CAPE,M4183,1X,18.3,127.6181507,153.7328767
CAPE,M4183,2L,18.3,160,160
CAPE,M4183,2M,18.3,150,150
CAPE,M4183,2X,18.3,90,90
CAPE,M6125,1L,12.5,91.82673267,122.0247525
CAPE,M6125,1M,12.5,83.51204819,106.3313253
CAPE,M6125,1S,12.5,70.74074074,75.55555556
CAPE,M6125,1U,12.5,65.75757576,82.27272727
CAPE,M6125,1X,12.5,99.0647482,120.5395683
CAPE,M9125,1L,12.5,65,65
CAPE,M9125,1M,12.5,90,90
CAPE,M9125,1U,12.5,72,81.6
CAPE,M9125,1X,12.5,44,44
CAPE,MA050,1L,5,70,70
CAPE,MA050,1M,5,96.66666667,101.6666667
CAPE,MA050,1S,5,30,30
CAPE,MA053,1A,5.3,50.87062937,66.3041958
CAPE,MA053,1B,5.3,49.54545455,53.40909091
CAPE,MA053,1L,5.3,40,69
CAPE,MA053,2A,5.3,50.55555556,62.88888889
CAPE,MA053,2B,5.3,35,35
CAPE,ML100,1M,10,60,100
CAPE,NP002,1L,0.25,10,10
CAPE,NP002,1M,0.25,24.5,30.75
CAPE,NT008,1M,0.75,94.28571429,107.1428571
CAPE,OP100,2M,10,22.875,25.125
CAPE,OP100,2R,10,20,20
CAPE,OP100,2S,10,20,20
CAPE,PA005,1,0.5,102.7021277,119.8085106
CAPE,PA005,2,0.5,91.66666667,94.16666667
CAPE,PA005,1A,0.5,93.90566038,111.1320755
CAPE,PA005,1B,0.5,87.85714286,100.7142857
CAPE,PA005,1C,0.5,98.125,100.625
CAPE,PA005,1L,0.5,120,120
CAPE,PA005,1M,0.5,103.8679245,126.9811321
CAPE,PA005,1S,0.5,101.733945,137.7431193
CAPE,PB008,1A,0.8,200,200
CAPE,PB008,1M,0.8,108.3333333,120
CAPE,PB008,1S,0.8,121.6666667,147.5
CAPE,PD050,1,5,110.4282655,126.9357602
CAPE,PD050,1A,5,114.516129,120.6451613
CAPE,PD050,1B,5,78,82.2
CAPE,PD050,1C,5,84.28571429,88.57142857
CAPE,PD050,1M,5,59.55882353,81.76470588
CAPE,PD050,1S,5,105.5555556,114.4444444
CAPE,PE080,1,8,114.6597938,123.5773196
CAPE,PE080,2,8,110,110
CAPE,PE080,1A,8,76.06829268,94.05853659
CAPE,PE080,1B,8,69.47368421,79.14473684
CAPE,PE080,1C,8,62.33333333,67
CAPE,PE080,1M,8,93.64285714,111.7142857
CAPE,PE080,1S,8,85.72727273,99.39090909
CAPE,PE080,2A,8,62,78
CAPE,PE080,2B,8,65,70
CAPE,SL025,1,2.5,40,55
CAPE,SL025,1L,2.5,34.63461538,46.65865385
CAPE,SL025,1M,2.5,31.62790698,49.81653747
CAPE,SL025,1S,2.5,28.08,36.12
CAPE,SL025,1X,2.5,39.29946524,52.99465241
CAPE,SL025,2L,2.5,40,44
CAPE,SL025,2M,2.5,40,50
CAPE,SL030,1A,3,29.3902439,40
CAPE,SL030,2A,3,34,38
CAPE,SL035,2L,3.5,30,30
CAPE,SP200,M,20,23.33333333,33.33333333
CAPE,TL020,1L,2,350,450
CAPE,TL020,1M,2,76,104
CAPE,TR020,1A,2,16.57142857,18.52380952
CAPE,TR020,1B,2,11.66666667,12.66666667
CAPE,TR020,1C,2,18,18
CAPE,TS035,1M,3.5,20.4375,20.4375
CAPE,TS035,1R,3.5,19.78571429,19.78571429
CAPE,TS035,1Z,3.5,19.78571429,28.78571429
CAPE,TS035,2M,3.5,26.5,26.5
CAPE,TS035,2R,3.5,26.5,26.5
CAPE,TS035,2Z,3.5,20,20
CAPE,TS035,3R,3.5,25,26.5
CAPE,TT025,1C,2.5,10,10
EASTERN CAPE,AA010,1S,1,92,92
EASTERN CAPE,AG070,1S,7,13.33333333,15.66666667
EASTERN CAPE,AG070,2L,7,32.35185185,38.05555556
EASTERN CAPE,AG070,2M,7,26.33333333,37.96825397
EASTERN CAPE,AG070,2S,7,21.16901408,28.14084507
EASTERN CAPE,AG070,2X,7,30,35
EASTERN CAPE,AJ100,1X,10,50,50
EASTERN CAPE,AJ100,2L,10,38,40
EASTERN CAPE,AJ100,2X,10,41.83783784,44.45945946
EASTERN CAPE,AZ035,2S,3.5,13,15
EASTERN CAPE,BD100,2L,10,51.2,60
EASTERN CAPE,BD100,2M,10,52,58
EASTERN CAPE,BD100,2S,10,39.42857143,54.28571429
EASTERN CAPE,BF070,1S,7,14.42857143,14.85714286
EASTERN CAPE,BF070,2L,7,23.66666667,25.33333333
EASTERN CAPE,BI100,1U,10,57.5,67.5
EASTERN CAPE,BI100,2L,10,54.24242424,65.60606061
EASTERN CAPE,BI100,2M,10,48.05555556,58.7962963
EASTERN CAPE,BI100,2S,10,35.33783784,51.86486486
EASTERN CAPE,BI100,2X,10,90,90
EASTERN CAPE,BJ090,2M,9,45,60
EASTERN CAPE,BJ090,2S,9,55,65
EASTERN CAPE,BM050,2S,5,70,80
EASTERN CAPE,BN150,1M,15,51,61
EASTERN CAPE,DL070,2S,7,37.5,57.5
EASTERN CAPE,DT063,1L,6.3,22.5,22.5
EASTERN CAPE,DT063,2M,6.3,62.5,62.5
EASTERN CAPE,EC120,1M,12,63.97520661,73.5785124
EASTERN CAPE,EC120,1S,12,62.40570175,71.87938596
EASTERN CAPE,IA400,1S,400,1700,1766.666667
EASTERN CAPE,JA050,2B,5,30,40
EASTERN CAPE,JE090,2,9,62.25,75
EASTERN CAPE,JE090,1B,9,35,35
EASTERN CAPE,JE090,2A,9,55.41666667,68.33333333
EASTERN CAPE,JE090,2B,9,55.17241379,63.96551724
EASTERN CAPE,JE090,2C,9,43.44827586,54.13793103
EASTERN CAPE,JE090,2L,9,52.32051282,59.98717949
EASTERN CAPE,JE090,2M,9,50.2568306,58.97814208
EASTERN CAPE,JE090,2S,9,45.92682927,56.43902439
EASTERN CAPE,JE090,2U,9,60,60
EASTERN CAPE,JE090,2X,9,57.85714286,67.85714286
EASTERN CAPE,JF100,2L,10,42,50
EASTERN CAPE,JF100,2M,10,43.75,50
EASTERN CAPE,JF100,2S,10,35.35714286,41.78571429
EASTERN CAPE,LA020,1M,2,15,45
EASTERN CAPE,LA020,1S,2,14,36
EASTERN CAPE,LA020,2S,2,12,15
EASTERN CAPE,LB043,1L,4.3,27.5,35
EASTERN CAPE,LB043,1M,4.3,43.33333333,48.33333333
EASTERN CAPE,LB043,1S,4.3,15.33333333,16
EASTERN CAPE,LC080,2M,8,26.66666667,33
EASTERN CAPE,LC080,2S,8,22,28.33333333
EASTERN CAPE,LD080,2L,8,75,75
EASTERN CAPE,LD080,2M,8,50,50
EASTERN CAPE,LD080,2S,8,50,50
EASTERN CAPE,LE040,1L,4,35,35
EASTERN CAPE,M4183,1L,18.3,110.9090909,124.2424242
EASTERN CAPE,M4183,1M,18.3,101.8,117.4
EASTERN CAPE,M4183,1X,18.3,125,128.3333333
EASTERN CAPE,M6125,1L,12.5,74.25,88.25
EASTERN CAPE,M6125,1M,12.5,65.71428571,69.28571429
EASTERN CAPE,M6125,1X,12.5,102.1428571,108.5714286
EASTERN CAPE,M6125,2L,12.5,57.5,57.5
EASTERN CAPE,MB070,2C,7,33.33333333,41.66666667
EASTERN FREESTATE,EC120,1M,12,112,112
EASTERN FREESTATE,EC120,1S,12,92.2,102.4
EASTERN FREESTATE,EF120,1S,12,84,84
EASTERN FREESTATE,IA400,1S,400,1190,1360
EASTERN FREESTATE,JE090,2M,9,50,50
EASTERN FREESTATE,M4183,1L,18.3,132.5,132.5
EASTERN FREESTATE,M4183,1M,18.3,100,106.6666667
EASTERN FREESTATE,M4183,1X,18.3,120,120
EASTERN FREESTATE,P1070,1L,7,31,33
EASTERN FREESTATE,P1070,1M,7,27.38596491,29.68421053
EASTERN FREESTATE,P1070,1R,7,28.92307692,30.15384615
EASTERN FREESTATE,P1070,1S,7,16.2,17.8
EASTERN FREESTATE,P1070,1Z,7,27.75,28.61111111
EASTERN FREESTATE,P1070,2M,7,13,13
EASTERN FREESTATE,P1070,2R,7,24,24
EASTERN FREESTATE,P1070,2S,7,8.3,8.3
EASTERN FREESTATE,P1070,2Z,7,11.66666667,11.66666667
EASTERN FREESTATE,P1070,3M,7,10,10
EASTERN FREESTATE,PP100,1L,10,38.5552795,45.21118012
EASTERN FREESTATE,PP100,1M,10,35.11170213,45.60638298
EASTERN FREESTATE,PP100,1R,10,32.15037594,37.01503759
EASTERN FREESTATE,PP100,1S,10,23.5516129,29.21612903
EASTERN FREESTATE,PP100,1U,10,21.23888889,26.96574074
EASTERN FREESTATE,PP100,1X,10,40,40
EASTERN FREESTATE,PP100,1Z,10,36.94,44.315
EASTERN FREESTATE,PP100,2L,10,29.8125,36.06770833
EASTERN FREESTATE,PP100,2M,10,23.69137931,32.64655172
EASTERN FREESTATE,PP100,2R,10,22.85964912,26.49122807
EASTERN FREESTATE,PP100,2S,10,15.9047619,20.17857143
EASTERN FREESTATE,PP100,2U,10,9.9,11.4
EASTERN FREESTATE,PP100,2X,10,5,5
EASTERN FREESTATE,PP100,2Z,10,30.92207792,38.11038961
EASTERN FREESTATE,PP100,3L,10,19.61728395,26.80246914
EASTERN FREESTATE,PP100,3M,10,20.33486239,26.03669725
EASTERN FREESTATE,PP100,3R,10,13.28333333,16.11666667
EASTERN FREESTATE,PP100,3S,10,9.083333333,12.5
EASTERN FREESTATE,PP100,3U,10,8.857142857,9
EASTERN FREESTATE,PP100,3X,10,28.33333333,28.33333333
EASTERN FREESTATE,PP100,3Z,10,20.52380952,26.44047619
EASTERN FREESTATE,PP100,4L,10,11.35714286,13.85714286
EASTERN FREESTATE,PP100,4M,10,8.153846154,12.25
EASTERN FREESTATE,PP100,4R,10,10,15
EASTERN FREESTATE,PP100,4U,10,4,4
EASTERN FREESTATE,PP100,4X,10,5,5
EASTERN FREESTATE,PP100,4Z,10,16.7,17.3
GAUTENG,AT200,1L,20,69.47368421,77.36842105
GAUTENG,AT200,1M,20,49.28571429,60.71428571
GAUTENG,BS060,2L,6,46.25,46.25
GAUTENG,BS060,2M,6,50,50
IMPORTS - OUTSIDE RSA,AE050,2L,5,200,200
IMPORTS - OUTSIDE RSA,AE050,2M,5,130.8333333,143.3333333
IMPORTS - OUTSIDE RSA,AE050,2S,5,130,133.3333333
IMPORTS - OUTSIDE RSA,BA020,1L,2,90,116
IMPORTS - OUTSIDE RSA,BA020,1M,2,95,100
IMPORTS - OUTSIDE RSA,BA020,1X,2,116.6666667,140
IMPORTS - OUTSIDE RSA,BA020,2L,2,120,150
IMPORTS - OUTSIDE RSA,BA020,2M,2,78,104
IMPORTS - OUTSIDE RSA,BA020,2X,2,140,150
IMPORTS - OUTSIDE RSA,BC180,G,18,50,150
IMPORTS - OUTSIDE RSA,BC180,L,18,116.5972222,178.5416667
IMPORTS - OUTSIDE RSA,BC180,M,18,100.3625954,150.1526718
IMPORTS - OUTSIDE RSA,BC180,S,18,110,111.3333333
IMPORTS - OUTSIDE RSA,BC180,X,18,129.7138047,197.4410774
IMPORTS - OUTSIDE RSA,KG160,M,16,125,155
IMPORTS - OUTSIDE RSA,KJ180,M,18,100,100
IMPORTS - OUTSIDE RSA,LE040,1,4,66.66666667,68.33333333
IMPORTS - OUTSIDE RSA,LG050,1M,5,110,131.875
IMPORTS - OUTSIDE RSA,LG050,1S,5,100,100
IMPORTS - OUTSIDE RSA,LG050,2L,5,198.3333333,198.3333333
IMPORTS - OUTSIDE RSA,LG050,2M,5,147.4193548,159.3548387
IMPORTS - OUTSIDE RSA,LG050,2S,5,117.1428571,118.5714286
IMPORTS - OUTSIDE RSA,NT008,1L,0.75,153.5,174
KWAZULU NATAL,AA010,2M,1,6.666666667,7.666666667
KWAZULU NATAL,AB030,1S,3,55,55
KWAZULU NATAL,AB030,3U,3,40,40
KWAZULU NATAL,AC030,2L,3,3,3
KWAZULU NATAL,AC030,2M,3,9,10
KWAZULU NATAL,AC050,1M,5,100,100
KWAZULU NATAL,AD100,1L,10,875.5555556,913.3333333
KWAZULU NATAL,AE050,1L,5,97.5862069,105.5172414
KWAZULU NATAL,AE050,1M,5,88.88888889,103.3333333
KWAZULU NATAL,AE050,1S,5,20,20
KWAZULU NATAL,AE050,2L,5,62.75510204,71.73469388
KWAZULU NATAL,AE050,2M,5,62.85714286,74.57142857
KWAZULU NATAL,AE050,2S,5,70,120
KWAZULU NATAL,AE050,3M,5,52,52
KWAZULU NATAL,AE050,M,5,50,50
KWAZULU NATAL,AF070,1L,7,13.44444444,16.77777778
KWAZULU NATAL,AF070,1M,7,21.5,24.5
KWAZULU NATAL,AF070,1S,7,5,14
KWAZULU NATAL,AF070,2M,7,12.45454545,12.72727273
KWAZULU NATAL,AG070,2M,7,30,30
KWAZULU NATAL,AG100,1R,10,41.16666667,42.16666667
KWAZULU NATAL,AG100,1U,10,15.25,15.5
KWAZULU NATAL,AG100,1Z,10,100,113.3333333
KWAZULU NATAL,AG100,2L,10,9,9
KWAZULU NATAL,AG100,2M,10,49,50
KWAZULU NATAL,AG100,3Z,10,20,20
KWAZULU NATAL,AG100,4M,10,50,50
KWAZULU NATAL,AH080,2S,8,20,50
KWAZULU NATAL,AP010,1M,1,12,12.33333333
KWAZULU NATAL,AP010,2M,1,6,6
KWAZULU NATAL,BD100,1L,10,68.75,111.25
KWAZULU NATAL,BD100,1M,10,100,100
KWAZULU NATAL,BD100,1S,10,80,100
KWAZULU NATAL,BD100,1Z,10,100,120
KWAZULU NATAL,BD100,2S,10,67.5,102.5
KWAZULU NATAL,BD100,3R,10,3,3
KWAZULU NATAL,BD100,3S,10,17.5,22.5
KWAZULU NATAL,BE060,1L,6,52.5,60
KWAZULU NATAL,BG080,3S,8,50,120
KWAZULU NATAL,BJ090,1M,9,51.25,55
KWAZULU NATAL,BJ090,2S,9,46,56.66666667
KWAZULU NATAL,BM050,1M,5,40.125,45
KWAZULU NATAL,BM050,1S,5,50,50
KWAZULU NATAL,BS060,1L,6,60,68.125
KWAZULU NATAL,BS060,1M,6,47.07272727,56.63636364
KWAZULU NATAL,BS060,1X,6,53,59
KWAZULU NATAL,BS060,1Z,6,50.38461538,58.23076923
KWAZULU NATAL,BS060,2M,6,35,35
KWAZULU NATAL,BS060,2S,6,37.22222222,37.22222222
KWAZULU NATAL,BS060,3R,6,11.15384615,15.69230769
KWAZULU NATAL,KR200,1L,20,93.75,93.75
KWAZULU NATAL,KR200,1M,20,90.73076923,115.5
KWAZULU NATAL,KR200,1R,20,98.33333333,118.3333333
KWAZULU NATAL,KR200,1S,20,73.33333333,93.33333333
KWAZULU NATAL,KR200,2M,20,94,109
KWAZULU NATAL,KR200,2S,20,48.03703704,75.18518519
KWAZULU NATAL,LI060,M,6,20,25
KWAZULU NATAL,LQ100,1M,10,160,160
KWAZULU NATAL,OP100,3S,10,30,30
KWAZULU NATAL,P1070,1M,7,26.48421053,30.73684211
KWAZULU NATAL,P1070,1R,7,29.97297297,32.54054054
KWAZULU NATAL,P1070,1U,7,5,5
KWAZULU NATAL,P1070,1Z,7,23.44444444,25.44444444
KWAZULU NATAL,P1070,2M,7,17.5,18
KWAZULU NATAL,P1070,2S,7,15,15
KWAZULU NATAL,P1070,3M,7,19.28571429,25
KWAZULU NATAL,P1070,3R,7,30,41.5
KWAZULU NATAL,P1070,3Z,7,26.66666667,33
KWAZULU NATAL,P1070,4M,7,12,18.33333333
KWAZULU NATAL,P1070,4R,7,19.75,19.75
KWAZULU NATAL,PP100,1L,10,40.72737819,52.14617169
KWAZULU NATAL,PP100,1M,10,38.4443769,50.99088146
KWAZULU NATAL,PP100,1R,10,30.55746269,37.44776119
KWAZULU NATAL,PP100,1S,10,22.39878049,29.38658537
KWAZULU NATAL,PP100,1U,10,13.6573913,16.11826087
KWAZULU NATAL,PP100,1X,10,53,53
KWAZULU NATAL,PP100,1Z,10,40.79817518,52.44525547
KWAZULU NATAL,PP100,2L,10,34.4862069,41.6559387
KWAZULU NATAL,PP100,2M,10,27.72909091,34.97454545
KWAZULU NATAL,PP100,2R,10,26.12345679,29.34567901
KWAZULU NATAL,PP100,2S,10,15.05454545,20.23636364
KWAZULU NATAL,PP100,2U,10,9.916666667,10.08333333
KWAZULU NATAL,PP100,2Z,10,32.04945055,38.30952381
KWAZULU NATAL,PP100,3L,10,25.96610169,34.5
KWAZULU NATAL,PP100,3M,10,19.94242424,31.56969697
KWAZULU NATAL,PP100,3R,10,18.56451613,21.25806452
KWAZULU NATAL,PP100,3S,10,11.91666667,14.98421053
KWAZULU NATAL,PP100,3U,10,8.346052632,9.373684211
KWAZULU NATAL,PP100,3Z,10,24.8559322,32.52118644
KWAZULU NATAL,PP100,4L,10,17.83947368,23.68157895
KWAZULU NATAL,PP100,4M,10,14.63405172,21.86206897
KWAZULU NATAL,PP100,4R,10,16.25,19.91666667
KWAZULU NATAL,PP100,4S,10,10.23809524,10.61904762
KWAZULU NATAL,PP100,4U,10,4.2,4.2
KWAZULU NATAL,PP100,4Z,10,14.21428571,22.64285714
MPUMALANGA,AJ100,X,10,100,100
MPUMALANGA,AP010,1M,1,14,14
MPUMALANGA,AP010,1R,1,20,20.5
MPUMALANGA,AT200,L,20,70,80
MPUMALANGA,AT200,M,20,63.33333333,66.66666667
MPUMALANGA,BS060,1L,6,48.80645161,50.51612903
MPUMALANGA,BS060,1M,6,47.53125,52.25
MPUMALANGA,BS060,1R,6,48.21052632,52.31578947
MPUMALANGA,BS060,1S,6,39.70588235,42.82352941
MPUMALANGA,BS060,1Z,6,54,57.80952381
MPUMALANGA,BS060,2L,6,45.31578947,47.89473684
MPUMALANGA,BS060,2M,6,43.90909091,50.15151515
MPUMALANGA,BS060,2R,6,41.82142857,49.82142857
MPUMALANGA,BS060,2S,6,42.16666667,44.27777778
MPUMALANGA,BS060,2Z,6,43.36,48.4
MPUMALANGA,LE040,L,4,15,15
MPUMALANGA,PP100,1M,10,25,34
MPUMALANGA,PP100,1S,10,15,15
MPUMALANGA,PP100,1U,10,7,7
MPUMALANGA,PP100,1Z,10,30,30
MPUMALANGA,PP100,2L,10,30,32
MPUMALANGA,PP100,2M,10,15.5,28.5
MPUMALANGA,TS035,1L,3.5,20,20
MPUMALANGA,TS035,1M,3.5,24.66666667,24.66666667
MPUMALANGA,TS035,1R,3.5,20,20
MPUMALANGA,TS035,1Z,3.5,29.2,38
MPUMALANGA MIDVELD,AA010,M,1,48.875,60
MPUMALANGA MIDVELD,AB020,M,2,10.64705882,12.64705882
MPUMALANGA MIDVELD,AE050,1L,5,69,92.5
MPUMALANGA MIDVELD,AE050,M,5,30,34.8
MPUMALANGA MIDVELD,AF060,1L,6,112.5,120
MPUMALANGA MIDVELD,AJ100,M,10,50,50
MPUMALANGA MIDVELD,AT200,L,20,36.69230769,49.23076923
MPUMALANGA MIDVELD,AT200,M,20,43.33333333,57.33333333
MPUMALANGA MIDVELD,AT200,X,20,76.66666667,76.66666667
MPUMALANGA MIDVELD,BE060,1L,6,89.1625,94.7875
MPUMALANGA MIDVELD,BE060,1M,6,97.5,97.5
MPUMALANGA MIDVELD,BE060,1X,6,90.08,103.58
MPUMALANGA MIDVELD,BE060,M,6,22,28.09090909
MPUMALANGA MIDVELD,BI100,L,10,86.75,101.75
MPUMALANGA MIDVELD,BI100,M,10,46.6875,50.625
MPUMALANGA MIDVELD,LE040,M,4,9.125,12
MPUMALANGA MIDVELD,LI060,1L,6,105,116.25
MPUMALANGA MIDVELD,LI060,1M,6,142.5,142.5
MPUMALANGA MIDVELD,LI060,1X,6,75,75
MPUMALANGA MIDVELD,PC030,L,3,12.92,15.4
MPUMALANGA MIDVELD,PC030,M,3,11.24137931,12.5862069
NAMIBIA,AF060,1M,6,60,88.33333333
NAMIBIA,AG070,2M,7,15,20
NATAL,A0160,1S,16,100,115
NATAL,A1001,1M,0.12,60,121.1111111
NATAL,A1001,1S,0.12,21.66666667,23.125
NATAL,A2250,L,25,82.30487805,113.8292683
NATAL,A2250,M,25,83.15789474,88.94736842
NATAL,A3305,1M,30.5,82.5,87.5
NATAL,A4125,M,12.5,23.82352941,33.52941176
NATAL,A8145,1M,14.5,95,130
NATAL,AA010,1L,1,42.29508197,43.81967213
NATAL,AA010,1M,1,29.44680851,49.36170213
NATAL,AA010,1S,1,33.07894737,34.39473684
NATAL,AA010,2S,1,15,15
NATAL,AA010,4S,1,10,10
NATAL,AA010,S,1,4.555555556,5.666666667
NATAL,AB020,M,2,3,3
NATAL,AB030,1M,3,258.75,358.75
NATAL,AB030,2M,3,109,112
NATAL,AC030,1G,3,10,10
NATAL,AC030,1L,3,30.11111111,31.44444444
NATAL,AC030,1M,3,30.76190476,32.23809524
NATAL,AC030,1S,3,18.3902439,37.43902439
NATAL,AC030,2M,3,45,51.66666667
NATAL,AC030,2S,3,14.39473684,16.43859649
NATAL,AC035,1L,3.5,100,250
NATAL,AC035,1M,3.5,18,45.33333333
NATAL,AC035,1S,3.5,18.25,18.5
NATAL,AC035,2M,3.5,11.175,14.7
NATAL,AC035,2S,3.5,17,17
NATAL,AC050,1G,5,310,310
NATAL,AC050,1L,5,201.7204301,218.3870968
NATAL,AC050,1M,5,269.9,300
NATAL,AC050,1S,5,196.8421053,199.4736842
NATAL,AC050,1X,5,471.1111111,476.3555556
NATAL,AC050,1Z,5,300,300
NATAL,AC050,2M,5,150,150
NATAL,AC050,3M,5,240,255
NATAL,AC050,3S,5,165,165
NATAL,AD040,1M,4,30.0952381,34.38095238
NATAL,AD040,1S,4,7.5,8.5
NATAL,AD040,2L,4,45,45
NATAL,AD040,2S,4,11.33333333,12.66666667
NATAL,AD100,1L,10,700,708.3333333
NATAL,AD100,1M,10,800,833.3333333
NATAL,AD100,1X,10,802.6315789,836.8421053
NATAL,AD100,2M,10,750,750
NATAL,AD100,2X,10,300,300
NATAL,AE050,1L,5,63.77407407,94.2962963
NATAL,AE050,1M,5,47.49488889,64.7537037
NATAL,AE050,1S,5,49.83333333,59.22222222
NATAL,AE050,1X,5,77.31884058,88.69565217
NATAL,AE050,2L,5,48.98630137,66.40410959
NATAL,AE050,2M,5,41.43910256,70.20512821
NATAL,AE050,2S,5,90,102.6666667
NATAL,AE050,2X,5,58.05263158,69.10526316
NATAL,AE050,3M,5,34,48.33333333
NATAL,AE050,L,5,38.2,45.34285714
NATAL,AE050,M,5,28.09507042,36.88028169
NATAL,AE050,S,5,43.75,46.875
NATAL,AF060,1L,6,81.53846154,93.84615385
NATAL,AF060,1M,6,50.3877551,67.14285714
NATAL,AF060,1S,6,55,60
NATAL,AF060,2M,6,90,130
NATAL,AF060,3M,6,27.5,37.5
NATAL,AF070,2M,7,14.33333333,21.5
NATAL,AG070,1L,7,37.91780822,50.24657534
NATAL,AG070,1M,7,44.9009901,51.85148515
NATAL,AG070,1S,7,15.55,21.36666667
NATAL,AG070,1X,7,30.17391304,35.73913043
NATAL,AG070,2L,7,29.50735294,42.875
NATAL,AG070,2M,7,28.77876106,34.31858407
NATAL,AG070,2S,7,17.65217391,23.73913043
NATAL,AG070,2X,7,32.01785714,35.67857143
NATAL,AG100,1M,10,123.5,132.5
NATAL,AG100,1R,10,16.66666667,21.66666667
NATAL,AG100,2M,10,8.833333333,13.5
NATAL,AG100,3M,10,34.33333333,34.33333333
NATAL,AH080,1M,8,30.71428571,42.28571429
NATAL,AH080,2M,8,36.25,56.66666667
NATAL,AJ100,1L,10,47,47.85714286
NATAL,AJ100,1M,10,74.44444444,77.77777778
NATAL,AJ100,1S,10,63,72
NATAL,AJ100,1X,10,44.11764706,45.29411765
NATAL,AJ100,2L,10,46.36363636,52.27272727
NATAL,AJ100,2M,10,81.52941176,90.58823529
NATAL,AJ100,2S,10,20,20
NATAL,AJ100,2X,10,37.84615385,39
NATAL,AJ100,3L,10,16.66666667,21.66666667
NATAL,AJ100,3M,10,13,19
NATAL,AJ100,3S,10,11,18.2
NATAL,AJ100,L,10,32.18462687,42.59507463
NATAL,AJ100,M,10,39.71028037,48.92523364
NATAL,AJ100,S,10,69.16666667,69.16666667
NATAL,AL120,1M,12,38.41269841,47.14285714
NATAL,AO150,L,15,79.28571429,79.28571429
NATAL,AO150,X,15,30,30
NATAL,AP010,1M,1,27,29.14285714
NATAL,AP010,1R,1,9,9
NATAL,AQ170,1L,17,101.4285714,123.5714286
NATAL,AQ170,1M,17,136.6666667,154
NATAL,AQ170,1S,17,122.8571429,131.4285714
NATAL,AQ170,2M,17,175,175
NATAL,AT200,1L,20,134.1666667,144.1666667
NATAL,AT200,1M,20,86.61764706,96.47058824
NATAL,AT200,1S,20,100,110
NATAL,AT200,2L,20,98.33333333,123.3333333
NATAL,AT200,2M,20,37.42857143,41.9047619
NATAL,AT200,L,20,68.79310345,91.89655172
NATAL,AT200,M,20,85.45454545,104.5454545
NATAL,AT200,S,20,90,90
NATAL,AX250,1M,25,177.5,177.5
NATAL,AZ035,1M,3.5,14.88888889,15.88888889
NATAL,AZ035,1S,3.5,14.8,15.8
NATAL,AZ035,2M,3.5,14.14285714,16.71428571
NATAL,AZ035,2S,3.5,7,7.666666667
NATAL,B4085,1L,8.5,76,82
NATAL,BA020,1M,2,56.66666667,56.66666667
NATAL,BA020,M,2,32.4,36.4
NATAL,BA050,1M,5,350,350
NATAL,BA050,2M,5,83.33333333,83.33333333
NATAL,BB020,1,2,18.33333333,18.5
NATAL,BB020,1M,2,11.33333333,12.33333333
NATAL,BB020,1Z,2,20,20
NATAL,BC180,L,18,107.5261324,157.2648084
NATAL,BC180,M,18,85.13300493,128.1921182
NATAL,BC180,S,18,79.94949495,90.85858586
NATAL,BC180,X,18,137.3716475,172.9501916
NATAL,BD050,2M,5,19.05882353,19.47058824
NATAL,BD050,2S,5,8.625,9.75
NATAL,BD050,M,5,31,31
NATAL,BD100,1M,10,74.82758621,89.31034483
NATAL,BD100,1S,10,65,80
NATAL,BD100,2M,10,115,115
NATAL,BD100,2S,10,22.5,22.5
NATAL,BE060,1,6,69.59223301,79.2815534
NATAL,BE060,1L,6,78.18181818,87.95454545
NATAL,BE060,1M,6,72.91304348,88.72826087
NATAL,BE060,1X,6,78.75,86.25
NATAL,BE060,2M,6,23.57142857,27.14285714
NATAL,BE060,M,6,108.6,128.4666667
NATAL,BE100,M,10,50,50
NATAL,BE100,S,10,49,52
NATAL,BF070,1L,7,112.5,112.5
NATAL,BF070,1M,7,60.85714286,70.19047619
NATAL,BF070,2L,7,20,20
NATAL,BG080,2M,8,55,58.33333333
NATAL,BH090,1L,9,71.42857143,78.57142857
NATAL,BI100,1,10,85.97419355,118.5419355
NATAL,BI100,2,10,128.2352941,141.1764706
NATAL,BI100,1L,10,130.1473684,167
NATAL,BI100,1M,10,124.75,158.5483871
NATAL,BI100,1S,10,50.47619048,57.38095238
NATAL,BI100,1X,10,75.4,88.4
NATAL,BI100,2L,10,49.91304348,66.43478261
NATAL,BI100,2M,10,52.09090909,64
NATAL,BI100,2S,10,21.25,21.25
NATAL,BI100,2X,10,45,53
NATAL,BI100,3M,10,100,131.4285714
NATAL,BI100,L,10,90.4556213,118.4378698
NATAL,BI100,M,10,84.94047619,103.5119048
NATAL,BI100,S,10,95,96.66666667
NATAL,BJ090,1M,9,65,75.71428571
NATAL,BJ090,1Z,9,43.75,70
NATAL,BJ090,2L,9,15,35
NATAL,BJ090,2R,9,15,35
NATAL,BJ090,2S,9,40,40
NATAL,BJ100,1L,10,61.71875,74.21875
NATAL,BJ100,1M,10,58.11267606,93.6971831
NATAL,BJ100,1S,10,70,93.33333333
NATAL,BJ100,2L,10,52.98969072,81.59793814
NATAL,BJ100,2M,10,50.02970297,80.14851485
NATAL,BJ100,2S,10,42.9122807,78.85964912
NATAL,BJ100,2U,10,41.02941176,54.41176471
NATAL,BJ100,2X,10,67.88,77.6
NATAL,BJ100,3L,10,50,50
NATAL,BJ100,3M,10,50.45454545,65.45454545
NATAL,BJ100,3S,10,36.25,45
NATAL,BK080,2M,8,50,50
NATAL,BK080,2S,8,7.5,7.5
NATAL,BK080,4S,8,20,20
NATAL,BM050,1L,5,33.97368421,38.31578947
NATAL,BM050,1M,5,29.89208633,40.85611511
NATAL,BM050,1R,5,31.48148148,36.88888889
NATAL,BM050,1S,5,29.36842105,31.89473684
NATAL,BM050,1Z,5,70,70
NATAL,BM050,2L,5,40.4,41.4
NATAL,BM050,2M,5,21.28571429,23.97142857
NATAL,BM050,2R,5,43.75,46.25
NATAL,BM050,2S,5,16.84745763,18.86440678
NATAL,BM050,3M,5,13.21621622,14.51351351
NATAL,BM050,3R,5,28.75,31.25
NATAL,BM050,3S,5,11.5,11.5
NATAL,BM050,4M,5,12,14.12121212
NATAL,BM050,4S,5,9.666666667,10.77777778
NATAL,BN150,1G,15,20,20
NATAL,BN150,1L,15,97.39130435,135.5279503
NATAL,BN150,1M,15,83.83495146,111.8446602
NATAL,BN150,1S,15,59.33962264,90.66037736
NATAL,BN150,1U,15,30,30
NATAL,BN150,1X,15,75,103.0769231
NATAL,BN150,2L,15,72.5,88
NATAL,BN150,2M,15,51.16071429,66.875
NATAL,BN150,2S,15,37.5,51.15384615
NATAL,BN150,3M,15,90,96
NATAL,BN150,3S,15,80,86.66666667
NATAL,BS060,1L,6,38.5,41
NATAL,BS060,1M,6,51.78571429,56.42857143
NATAL,BS060,1R,6,50,60
NATAL,BS060,1S,6,33,37.5
NATAL,BS060,1Z,6,73.13333333,77.8
NATAL,BS060,2M,6,50.26315789,51.57894737
NATAL,BS060,2R,6,58,66.66666667
NATAL,BS060,2S,6,32.72727273,35.45454545
NATAL,BS060,3M,6,5,5
NATAL,BS060,3R,6,21.25,21.25
NATAL,BS060,3S,6,22.5,37.5
NATAL,BS200,1L,20,194.4,293.2
NATAL,BS200,1M,20,277.1428571,321.1428571
NATAL,BS200,1X,20,125,125
NATAL,BS200,2M,20,188.0851064,223.1914894
NATAL,BS200,3L,20,176,184
NATAL,BS200,3M,20,65.65217391,83.04347826
NATAL,BS200,M,20,40,48
NATAL,BT070,3M,7,50,50
NATAL,BV150,1L,15,56.58333333,70.83333333
NATAL,BV150,1M,15,26.25,29.375
NATAL,BV150,1S,15,68.125,69.375
NATAL,BV150,1X,15,122.5,132.5
NATAL,BV150,2M,15,70,70
NATAL,BV150,2X,15,60,70
NATAL,BX150,1L,15,83.94736842,96.05263158
NATAL,BY150,1G,15,105,124.1666667
NATAL,BY150,1L,15,109.0697674,155.2325581
NATAL,BY150,1M,15,94.28571429,120
NATAL,BY150,1X,15,97.02702703,116.7567568
NATAL,BY150,2L,15,58,85.33333333
NATAL,CA100,1M,10,96,96
NATAL,CB045,2,4.5,49.5,50
NATAL,CZ015,1,1.5,15.42592593,18.96296296
NATAL,CZ015,2,1.5,8,8
NATAL,DL076,2S,7.6,20,20
NATAL,DT063,2S,6.3,10,10
NATAL,EC120,1L,12,80,80
NATAL,EC120,1M,12,46.9,68.2
NATAL,EC120,1S,12,80.02857143,94.17142857
NATAL,EC120,2S,12,23.75,27.5
NATAL,EF120,1M,12,84,84
NATAL,EF120,1S,12,64,98.28571429
NATAL,HA010,1M,1,7,8.75
NATAL,HA010,2M,1,1,1
NATAL,HC030,U,3,20,30
NATAL,HG070,M,7,25,25
NATAL,HJ100,L,10,30.71428571,32.14285714
NATAL,HL120,X,12,35.71428571,37.85714286
NATAL,HR002,1,0.25,77.45454545,85.63636364
NATAL,HU008,1L,0.8,2.75,2.75
NATAL,IA400,1M,400,1050,1100
NATAL,IA400,1S,400,983.5483871,1341.935484
NATAL,IA400,2M,400,800,800
NATAL,IA400,2S,400,539.4736842,550
NATAL,IB420,1S,420,234.25,234.25
NATAL,IE500,1M,500,112,112
NATAL,IF380,1L,380,300,300
NATAL,IF380,1M,380,1650,1750
NATAL,IF380,1S,380,1816.666667,1916.666667
NATAL,IG500,1M,500,600,600
NATAL,IG500,1S,500,1926.666667,2086.666667
NATAL,JA050,2M,5,10,10
NATAL,JA050,2S,5,20,20
NATAL,JC070,1A,7,350,383.3333333
NATAL,JE090,1,9,60,63.33333333
NATAL,JE090,2,9,67.64,82.28
NATAL,JE090,1M,9,42.5,55
NATAL,JE090,2B,9,31.81818182,50.90909091
NATAL,JE090,2C,9,14,14
NATAL,JE090,2L,9,58.125,69.6875
NATAL,JE090,2M,9,56.1,57
NATAL,JE090,2S,9,20.26923077,25.03846154
NATAL,JF100,1L,10,70,110
NATAL,JF100,1M,10,28.33333333,32.5
NATAL,JF100,2M,10,80,80
NATAL,JF100,2S,10,50,60
NATAL,JG110,1A,11,120,120
NATAL,JG110,1M,11,120,120
NATAL,JG110,2M,11,60,68.75
NATAL,JG110,2S,11,10,10
NATAL,JP130,1M,13,24,26
NATAL,JP130,1S,13,24,30
NATAL,KA100,1L,10,652.5,812.5
NATAL,KA100,1M,10,582.0967742,654.8387097
NATAL,KF150,1M,15,133.3333333,166.6666667
NATAL,KF150,3M,15,10,10
NATAL,KI175,1M,17.5,146.6666667,146.6666667
NATAL,KJ180,L,18,96.25,126.25
NATAL,KJ180,M,18,95,97.5
NATAL,KJ180,X,18,112.8571429,128.5714286
NATAL,KM200,1,20,65.84615385,105.3846154
NATAL,KM200,2,20,86.92307692,105.3846154
NATAL,KM200,1L,20,560,560
NATAL,KR200,1L,20,165,180
NATAL,KR200,1M,20,72.95454545,119.5194805
NATAL,KR200,1R,20,49.23076923,105.3846154
NATAL,KR200,1S,20,88.82352941,105.2941176
NATAL,KR200,1Z,20,71,88
NATAL,KR200,2L,20,85,95
NATAL,KR200,2M,20,91.75438596,108.7719298
NATAL,KR200,2S,20,80.16666667,95.16666667
NATAL,KR200,2Z,20,105,135
NATAL,KR200,4S,20,20,20
NATAL,LA020,1,2,26,28.88888889
NATAL,LA020,1L,2,11.1875,13.4375
NATAL,LA020,1M,2,31.76,33.6
NATAL,LA020,1S,2,8.789473684,15.63157895
NATAL,LA020,2S,2,16,16
NATAL,LB043,2L,4.3,10,10
NATAL,LC030,1M,3,60.66666667,61.33333333
NATAL,LC030,1S,3,61.59090909,63.63636364
NATAL,LC030,M,3,27.84444444,28.11111111
NATAL,LC030,S,3,18,18
NATAL,LC080,1M,8,90,90
NATAL,LC080,1S,8,30,33.33333333
NATAL,LC080,2M,8,15,15
NATAL,LD080,2L,8,25,30
NATAL,LD080,2M,8,16.66666667,21.66666667
NATAL,LE040,1,4,47.78846154,62.03846154
NATAL,LE040,2,4,39.54545455,49.09090909
NATAL,LE040,1L,4,63.80434783,70.65217391
NATAL,LE040,1M,4,63.57777778,71.25925926
NATAL,LE040,1S,4,41,47.85714286
NATAL,LE040,2L,4,42,68
NATAL,LE040,2S,4,10,10
NATAL,LE040,M,4,30,30
NATAL,LG050,1M,5,8,8
NATAL,LG050,1S,5,107.1428571,110
NATAL,LG050,2S,5,40,40
NATAL,LI060,L,6,18.14545455,35.78785124
NATAL,LI060,M,6,16.71428571,35.9
NATAL,LI060,S,6,13.5,15
NATAL,LK070,2S,7,70,80
NATAL,LL075,1L,7.5,25,30
NATAL,LL075,1S,7.5,35,45
NATAL,LL075,2M,7.5,40,40
NATAL,LL075,2S,7.5,35,36
NATAL,LQ100,1M,10,45,45
NATAL,LQ100,1S,10,66,82
NATAL,M4155,1M,15.5,120,120
NATAL,M4183,1L,18.3,89.79310345,120.8275862
NATAL,M4183,1M,18.3,80.83333333,125.3333333
NATAL,M4183,1S,18.3,130,140
NATAL,M4183,1X,18.3,160,170
NATAL,M4183,2L,18.3,35,35
NATAL,M6125,1L,12.5,96,110
NATAL,M6125,1M,12.5,68.81818182,86.40909091
NATAL,M6125,1S,12.5,42,50
NATAL,M6125,1X,12.5,72.5,77.5
NATAL,M6125,2L,12.5,30,30
NATAL,M6125,2M,12.5,100,130
NATAL,MA053,1A,5.3,56.875,70.625
NATAL,MA053,1B,5.3,70,70
NATAL,MA053,1M,5.3,30,30
NATAL,MA053,2A,5.3,15,15
NATAL,MA053,2S,5.3,10,22.5
NATAL,NE005,1M,0.5,50.41666667,50.41666667
NATAL,NE005,1S,0.5,9.434782609,19.2173913
NATAL,NE005,L,0.5,17,17
NATAL,NE005,S,0.5,40,40
NATAL,NJ010,1M,1,77.5,87.5
NATAL,NK020,1S,2,108,117
NATAL,NN050,M,5,101.5,101.5
NATAL,NP005,1U,0.5,51.22727273,62.22727273
NATAL,NR100,1M,10,104,104
NATAL,NT008,1M,0.75,115,115
NATAL,OP100,1M,10,32.33333333,32.33333333
NATAL,OP100,2M,10,30,30
NATAL,PA005,1,0.5,67.38095238,91.42857143
NATAL,PA005,2,0.5,30.22727273,34.09090909
NATAL,PA005,1B,0.5,82,96
NATAL,PA005,1S,0.5,111.6666667,133.5185185
NATAL,PA005,2S,0.5,10,10
NATAL,PC010,1,1,60,60
NATAL,PD050,1,5,92.96103896,107.1948052
NATAL,PD050,2,5,16.72413793,17.06896552
NATAL,PD050,1A,5,85,85
NATAL,PD050,1B,5,60,60
NATAL,PD050,1C,5,30,30
NATAL,PD050,1M,5,101.5384615,103.6153846
NATAL,PD050,1S,5,40,50
NATAL,PD050,2S,5,10,10
NATAL,PE080,1,8,95.91304348,104.9347826
NATAL,PE080,2,8,26.66666667,43.33333333
NATAL,PE080,1A,8,70,70
NATAL,PE080,1M,8,52.5,65.27777778
NATAL,PE080,1S,8,45,60
NATAL,PP010,1M,1,67.2,80.2
NATAL,PP100,1L,10,26.66666667,26.66666667
NATAL,PP100,2M,10,26,35
NATAL,PP100,2S,10,30,31.66666667
NATAL,SB270,M,27,135,135
NATAL,SC250,L,25,17.66666667,27.66666667
NATAL,SL025,1L,2.5,19,26
NATAL,SL025,1M,2.5,38.125,48.125
NATAL,SL025,2L,2.5,10,10
NATAL,SL030,1A,3,17.5,20
NATAL,SL035,2S,3.5,5.285714286,5.285714286
NATAL,SP200,L,20,103.75,105
NATAL,SP200,M,20,150,150
NATAL,SW300,M,30,53.57142857,55
NATAL,TR020,1A,2,40,40
NATAL,TR020,1M,2,20,20
NATAL,TR020,2B,2,10,10
NATAL,TS035,1M,3.5,20.69565217,22
NATAL,TS035,1S,3.5,12,17.33333333
NATAL,TS035,2M,3.5,21,24
NATAL,TS035,2S,3.5,5.5,11.66666667
NORTH EASTERN CAPE,AP010,1R,1,6,6
NORTH EASTERN CAPE,BD100,1M,10,82.66666667,93.66666667
NORTH EASTERN CAPE,BD100,1R,10,84.07142857,84.07142857
NORTH EASTERN CAPE,BD100,1U,10,69.625,73.375
NORTH EASTERN CAPE,BD100,1Z,10,65,80.66666667
NORTH EASTERN CAPE,BD100,2R,10,42.88888889,48.88888889
NORTH EASTERN CAPE,BJ090,1M,9,40,40
NORTH EASTERN CAPE,BJ090,2M,9,40,55
NORTH EASTERN CAPE,BJ090,2R,9,58.63157895,62.31578947
NORTH EASTERN CAPE,BM050,1L,5,38.84482759,47.67241379
NORTH EASTERN CAPE,BM050,1M,5,39.48351648,47.67032967
NORTH EASTERN CAPE,BM050,1R,5,40.90909091,44.72727273
NORTH EASTERN CAPE,BM050,1S,5,31.33333333,33.06666667
NORTH EASTERN CAPE,BM050,1X,5,40.41463415,48.73170732
NORTH EASTERN CAPE,BM050,1Z,5,39.68181818,50.22727273
NORTH EASTERN CAPE,BM050,2L,5,28.33333333,30
NORTH EASTERN CAPE,BM050,2M,5,31.85,34.75
NORTH EASTERN CAPE,BM050,2R,5,65,65
NORTH EASTERN CAPE,BM050,2S,5,22.625,24.0625
NORTH EASTERN CAPE,BM050,2X,5,31.20833333,32.66666667
NORTH EASTERN CAPE,BM050,2Z,5,25.46666667,26.46666667
NORTH EASTERN CAPE,BM050,3S,5,22.66666667,24.19047619
NORTH EASTERN CAPE,BM050,3Z,5,30,30
NORTH EASTERN CAPE,KR200,1M,20,120,120
NORTH EASTERN CAPE,KR200,2M,20,140,140
NORTH EASTERN CAPE,P1070,1M,7,29.71428571,29.71428571
NORTH EASTERN CAPE,P1070,1U,7,5,7
NORTH EASTERN CAPE,PP100,1L,10,38.2173913,43.02173913
NORTH EASTERN CAPE,PP100,1M,10,33.28125,35.9375
NORTH EASTERN CAPE,PP100,1R,10,30.26315789,31.78947368
NORTH EASTERN CAPE,PP100,1S,10,20.24137931,25.27586207
NORTH EASTERN CAPE,PP100,1U,10,13.6,13.6
NORTH EASTERN CAPE,PP100,1Z,10,32.68518519,37.72222222
NORTH EASTERN CAPE,PP100,2L,10,30.90846154,33.26923077
NORTH EASTERN CAPE,PP100,2M,10,27.55813953,31.04651163
NORTH EASTERN CAPE,PP100,2R,10,20.33333333,21.66666667
NORTH EASTERN CAPE,PP100,2S,10,13.66666667,13.66666667
NORTH EASTERN CAPE,PP100,2U,10,8,8
NORTH EASTERN CAPE,PP100,2Z,10,25.3,27
NORTH EASTERN CAPE,PP100,3L,10,26.66666667,29.33333333
NORTH EASTERN CAPE,PP100,3M,10,19,21.92307692
NORTH EASTERN CAPE,PP100,3R,10,15,15
NORTH EASTERN CAPE,PP100,3Z,10,16.16666667,27
NORTH EASTERN CAPE,PP100,4L,10,22.5,28.5
NORTH EASTERN CAPE,PP100,4M,10,10,25.33333333
NORTH WEST,AB020,1M,2,10.09090909,11.90909091
NORTH WEST,AC030,1L,3,18.95454545,19.90909091
NORTH WEST,AC030,1M,3,19,21.46153846
NORTH WEST,AC030,1Z,3,18.38888889,18.83333333
NORTH WEST,AF070,1L,7,33.23809524,35.19047619
NORTH WEST,AF070,1M,7,34.82608696,38.32608696
NORTH WEST,AF070,1R,7,28.26666667,38.3
NORTH WEST,AF070,1Z,7,34.70967742,36.29032258
NORTH WEST,AF070,2L,7,36,36
NORTH WEST,AF070,2M,7,41,41
NORTH WEST,AF070,2Z,7,38.66666667,40
NORTH WEST,AG100,1L,10,49.38888889,51.22222222
NORTH WEST,AG100,1M,10,44.37209302,53.46511628
NORTH WEST,AG100,1R,10,44.35365854,52.92682927
NORTH WEST,AG100,1S,10,27.35795455,37.65909091
NORTH WEST,AG100,1U,10,31.43902439,36.51219512
NORTH WEST,AG100,1X,10,44.44444444,46.66666667
NORTH WEST,AG100,1Z,10,50.21621622,55.78378378
NORTH WEST,AG100,2L,10,50,55
NORTH WEST,AG100,2M,10,29.25,33
NORTH WEST,AG100,2R,10,16,17
NORTH WEST,AG100,2S,10,30,30
NORTH WEST,AG100,2X,10,40,40
NORTH WEST,LI060,M,6,29.66666667,34
NORTH WEST,P1070,1L,7,26,28.1
NORTH WEST,P1070,1M,7,28.37931034,30.72413793
NORTH WEST,P1070,1R,7,26.83870968,28.51612903
NORTH WEST,P1070,1Z,7,26.57142857,30.64285714
NORTH WEST,PP100,1L,10,37.45394737,46.73026316
NORTH WEST,PP100,1M,10,36.49382716,48.7654321
NORTH WEST,PP100,1R,10,31.40677966,36.42372881
NORTH WEST,PP100,1S,10,25.46296296,29.2037037
NORTH WEST,PP100,1U,10,23.67741935,33.22580645
NORTH WEST,PP100,1Z,10,38.3902439,54
NORTH WEST,PP100,2L,10,19.16666667,23.33333333
NORTH WEST,PP100,2Z,10,22.69230769,25.92307692
NORTH WEST,PP100,3M,10,26.76923077,27.53846154
NORTH WEST,PP100,3R,10,15.3,19.3
NORTH WEST,PP100,3S,10,4,5
NORTH WEST,PP100,3Z,10,25.7,32
NORTHERN CAPE,AA010,1M,1,7.333333333,7.333333333
NORTHERN CAPE,AA010,1Z,1,20,36
NORTHERN CAPE,AB020,1M,2,30.14285714,30.28571429
NORTHERN CAPE,AC030,1L,3,14.33333333,14.33333333
NORTHERN CAPE,AC030,1M,3,18.2,18.2
NORTHERN CAPE,AC030,1Z,3,17.82692308,18.76923077
NORTHERN CAPE,AC050,1M,5,48.63636364,53.63636364
NORTHERN CAPE,AF070,1L,7,31.75675676,33.64864865
NORTHERN CAPE,AF070,1M,7,24.32608696,29.68478261
NORTHERN CAPE,AF070,1R,7,22.35,24.9
NORTHERN CAPE,AF070,1S,7,17,17
NORTHERN CAPE,AF070,1Z,7,27.78888889,32.26666667
NORTHERN CAPE,AF070,2L,7,25.33333333,26
NORTHERN CAPE,AF070,2M,7,17.25,24.25
NORTHERN CAPE,AF070,2R,7,14.71428571,22.28571429
NORTHERN CAPE,AF070,3Z,7,23.33333333,26
NORTHERN CAPE,AG100,1L,10,39.19444444,50.40740741
NORTHERN CAPE,AG100,1M,10,37.22981366,52.36645963
NORTHERN CAPE,AG100,1R,10,32.12605042,45.92436975
NORTHERN CAPE,AG100,1S,10,26.17333333,35.36
NORTHERN CAPE,AG100,1U,10,37.525,42.15
NORTHERN CAPE,AG100,1X,10,36.11538462,37.65384615
NORTHERN CAPE,AG100,1Z,10,41.3364486,49.94392523
NORTHERN CAPE,AG100,2L,10,25.34285714,28.25714286
NORTHERN CAPE,AG100,2M,10,24.75581395,31.80232558
NORTHERN CAPE,AG100,2R,10,27.77083333,33
NORTHERN CAPE,AG100,2S,10,15.27777778,21.83333333
NORTHERN CAPE,AG100,2X,10,24.5,24.75
NORTHERN CAPE,AG100,2Z,10,35.025,37.9
NORTHERN CAPE,AG100,3L,10,33,37.5
NORTHERN CAPE,AG100,3M,10,18.58823529,30.17647059
NORTHERN CAPE,AG100,3R,10,29.25,31.75
NORTHERN CAPE,AG100,3Z,10,17.85714286,22
NORTHERN CAPE,AI200,1Z,20,142,145.3333333
NORTHERN CAPE,AJ100,M,10,29.08333333,31
NORTHERN CAPE,AJ100,S,10,25,25
NORTHERN CAPE,AJ100,X,10,35,35
NORTHERN CAPE,LI060,M,6,24,25
NORTHERN CAPE,LI060,S,6,24,24
NORTHERN CAPE,OP100,1S,10,21,21
NORTHERN CAPE,P1070,1M,7,30.7260274,33.32876712
NORTHERN CAPE,P1070,1S,7,10,10
NORTHERN CAPE,P1070,1Z,7,31.5,32
NORTHERN CAPE,P1070,2M,7,31.16666667,33.33333333
NORTHERN CAPE,P1070,2Z,7,42,44
NORTHERN CAPE,P1070,3M,7,6,17.5
NORTHERN CAPE,P1070,3Z,7,20,20
NORTHERN CAPE,PP100,1L,10,42.87700535,52.97860963
NORTHERN CAPE,PP100,1M,10,38.36633663,47.40594059
NORTHERN CAPE,PP100,1R,10,31.09489051,37.05109489
NORTHERN CAPE,PP100,1S,10,27.11363636,29.34090909
NORTHERN CAPE,PP100,1U,10,19.77272727,20.90909091
NORTHERN CAPE,PP100,1X,10,43.80952381,51.57142857
NORTHERN CAPE,PP100,1Z,10,43.62189055,53.80099502
NORTHERN CAPE,PP100,2L,10,41.26771654,47.22834646
NORTHERN CAPE,PP100,2M,10,35.22017857,41.75
NORTHERN CAPE,PP100,2R,10,36.03448276,39.17241379
NORTHERN CAPE,PP100,2S,10,27.75,27.75
NORTHERN CAPE,PP100,2U,10,11.25,11.25
NORTHERN CAPE,PP100,2X,10,34.70588235,46
NORTHERN CAPE,PP100,2Z,10,40.78378378,45.15315315
NORTHERN CAPE,PP100,3L,10,33.90123457,40.25925926
NORTHERN CAPE,PP100,3M,10,27.58947368,33.92631579
NORTHERN CAPE,PP100,3R,10,20.81818182,23.59090909
NORTHERN CAPE,PP100,3S,10,35.4,36
NORTHERN CAPE,PP100,3U,10,20.625,21.25
NORTHERN CAPE,PP100,3X,10,45,54
NORTHERN CAPE,PP100,3Z,10,34.98956044,38.46153846
NORTHERN CAPE,PP100,4L,10,23.25,27
NORTHERN CAPE,PP100,4M,10,31.625,35.0625
NORTHERN CAPE,PP100,4R,10,17.5,17.5
NORTHERN CAPE,PP100,4Z,10,36.28571429,37.71428571
ORANGE FREE STATE,AC050,1G,5,298.1481481,305.5555556
ORANGE FREE STATE,AC050,1L,5,233.7704918,252.6065574
ORANGE FREE STATE,AC050,1M,5,226.122449,233.6734694
ORANGE FREE STATE,AC050,1R,5,460,470
ORANGE FREE STATE,AC050,1S,5,201.7090909,207.4545455
ORANGE FREE STATE,AC050,1U,5,155.4166667,157.5
ORANGE FREE STATE,AC050,1X,5,259.1836735,266.122449
ORANGE FREE STATE,AC050,2G,5,150,150
ORANGE FREE STATE,AC050,2L,5,193.3333333,196.6666667
ORANGE FREE STATE,AC050,2S,5,180,200
ORANGE FREE STATE,AC050,3L,5,110,110
ORANGE FREE STATE,AC050,3M,5,147.4074074,152.3148148
ORANGE FREE STATE,AC050,3S,5,156,158.6
ORANGE FREE STATE,AD100,1M,10,315,380
ORANGE FREE STATE,AE050,M,5,20,20
ORANGE FREE STATE,AG070,1L,7,31.5,31.5
ORANGE FREE STATE,AJ100,1X,10,37,38
ORANGE FREE STATE,AJ100,M,10,27.5,27.5
ORANGE FREE STATE,AZ035,1M,3.5,19,19
ORANGE FREE STATE,BN150,2M,15,90,90
ORANGE FREE STATE,EC120,1L,12,122.2857143,126.8571429
ORANGE FREE STATE,EC120,1M,12,101,103.1333333
ORANGE FREE STATE,EC120,1S,12,88,105.6666667
ORANGE FREE STATE,EF120,1S,12,116,124.6666667
ORANGE FREE STATE,IA400,1S,400,1894.666667,1913.333333
ORANGE FREE STATE,JE090,2L,9,45.83333333,51.66666667
ORANGE FREE STATE,JE090,2M,9,46.875,48.75
ORANGE FREE STATE,JE090,2S,9,45.625,52.5
ORANGE FREE STATE,LA020,1S,2,12.33333333,13.66666667
ORANGE FREE STATE,LI060,L,6,26.5,29
ORANGE FREE STATE,LI060,M,6,26.5,26.5
ORANGE FREE STATE,LI060,S,6,28,30
ORANGE FREE STATE,M4183,1L,18.3,165.5172414,174.4827586
ORANGE FREE STATE,M4183,1M,18.3,170,170
ORANGE FREE STATE,M4183,1S,18.3,140,150
ORANGE FREE STATE,M4183,1X,18.3,105,115.625
OTHER AREAS,AA010,1M,1,8,8
OTHER AREAS,AA010,1R,1,6.1,6.1
OTHER AREAS,AC030,1Z,3,14,14
OTHER AREAS,AD100,1L,10,610,610
OTHER AREAS,AD100,1M,10,610,614
OTHER AREAS,AF070,1Z,7,21.4,21.6
OTHER AREAS,AF070,2M,7,31.2,31.2
OTHER AREAS,AF070,2Z,7,31.66666667,31.66666667
OTHER AREAS,AG100,1M,10,116.6666667,120
OTHER AREAS,AG100,1Z,10,70,73.75
OTHER AREAS,AG100,2M,10,73.92857143,79.71428571
OTHER AREAS,AG100,2Z,10,36.33333333,36.33333333
OTHER AREAS,AG100,3Z,10,27.66666667,37.66666667
OTHER AREAS,BN150,1L,15,296.25,308.75
OTHER AREAS,BX150,1L,15,353.3333333,360
OTHER AREAS,BY150,1L,15,330,331.4285714
OTHER AREAS,BY150,1M,15,278,284
OTHER AREAS,CB045,1,4.5,80,90
OTHER AREAS,JC070,1A,7,371.2121212,393.3333333
OTHER AREAS,JC070,1L,7,385,400
OTHER AREAS,JC070,1M,7,332.7586207,380.6896552
OTHER AREAS,LE040,1M,4,200,240
OTHER AREAS,P1070,1M,7,20.11111111,23.11111111
OTHER AREAS,P1070,1Z,7,20,22
OTHER AREAS,P1070,2M,7,28.25,28.25
OTHER AREAS,P1070,3M,7,14.92307692,16.69230769
OTHER AREAS,P2020,1M,2,9.5,10
OTHER AREAS,PD050,1,5,272.0060606,304.6969697
OTHER AREAS,PD050,2,5,225,255
OTHER AREAS,PD050,1A,5,261.2903226,270
OTHER AREAS,PD050,1B,5,266.6666667,272.6666667
OTHER AREAS,PD050,1M,5,253.8,281.3571429
OTHER AREAS,PE080,1M,8,300.3846154,320
OTHER AREAS,PP100,1L,10,32.2,38.53333333
OTHER AREAS,PP100,1M,10,31.42857143,32.14285714
OTHER AREAS,PP100,1R,10,35,35
OTHER AREAS,PP100,1S,10,25,25
OTHER AREAS,PP100,1Z,10,31,32.5
OTHER AREAS,PP100,2L,10,30,30
OTHER AREAS,PP100,2M,10,34,41.14285714
OTHER AREAS,PP100,2R,10,6,6
OTHER AREAS,PP100,2Z,10,30,34.75
OTHER AREAS,PP100,3L,10,24.16666667,33.33333333
OTHER AREAS,PP100,3M,10,21.54181818,26.69333333
OTHER AREAS,PP100,3Z,10,20.125,22.875
OTHER AREAS,PP100,4L,10,60,60
OTHER AREAS,PP100,4M,10,32,34.5
SOUTH WESTERN FREE STATE,AC030,1M,3,17.125,17.5
SOUTH WESTERN FREE STATE,AC030,1Z,3,17.04545455,17.36363636
SOUTH WESTERN FREE STATE,AF070,1L,7,28.32,28.92
SOUTH WESTERN FREE STATE,AF070,1M,7,30.27586207,31.31034483
SOUTH WESTERN FREE STATE,AF070,1Z,7,29.83333333,31.8
SOUTH WESTERN FREE STATE,AF070,2L,7,7.666666667,7.666666667
SOUTH WESTERN FREE STATE,AF070,2M,7,16.71428571,17.07142857
SOUTH WESTERN FREE STATE,AF070,2R,7,30,32
SOUTH WESTERN FREE STATE,AF070,2Z,7,13.38461538,16.46153846
SOUTH WESTERN FREE STATE,AG100,1L,10,34.33333333,41
SOUTH WESTERN FREE STATE,AG100,1M,10,40.84615385,46.80769231
SOUTH WESTERN FREE STATE,AG100,1R,10,34,41.03333333
SOUTH WESTERN FREE STATE,AG100,1S,10,15.16666667,19.66666667
SOUTH WESTERN FREE STATE,AG100,1Z,10,43,43
SOUTH WESTERN FREE STATE,AG100,2L,10,33,33
SOUTH WESTERN FREE STATE,AG100,2M,10,27.5,31
SOUTH WESTERN FREE STATE,AG100,2R,10,20.2,31.4
SOUTH WESTERN FREE STATE,AG100,2Z,10,42,42
SOUTH WESTERN FREE STATE,AJ100,L,10,32.79310345,36.93103448
SOUTH WESTERN FREE STATE,AJ100,M,10,43.6,44.13333333
SOUTH WESTERN FREE STATE,AJ100,S,10,35.20833333,38.91666667
SOUTH WESTERN FREE STATE,LI060,L,6,26.85714286,28
SOUTH WESTERN FREE STATE,LI060,M,6,26,36.66666667
SOUTH WESTERN FREE STATE,LI060,S,6,37,39.82608696
SOUTH WESTERN FREE STATE,NP040,1M,4,23.9047619,23.9047619
SOUTH WESTERN FREE STATE,P1070,1M,7,26.70512821,31.29487179
SOUTH WESTERN FREE STATE,P1070,1R,7,29.03571429,30.71428571
SOUTH WESTERN FREE STATE,P1070,1Z,7,31.14705882,32.88235294
SOUTH WESTERN FREE STATE,P1070,2M,7,27.07692308,30.84615385
SOUTH WESTERN FREE STATE,P1070,2R,7,27.16666667,28.33333333
SOUTH WESTERN FREE STATE,P1070,2Z,7,32,34
SOUTH WESTERN FREE STATE,P1070,3M,7,19.11111111,20.77777778
SOUTH WESTERN FREE STATE,P1070,3Z,7,7.5,10
SOUTH WESTERN FREE STATE,P1070,4M,7,10,10
SOUTH WESTERN FREE STATE,P2020,1M,2,13.8,14.1
SOUTH WESTERN FREE STATE,PP100,1L,10,38.44545455,49.13636364
SOUTH WESTERN FREE STATE,PP100,1M,10,36.272,48.152
SOUTH WESTERN FREE STATE,PP100,1R,10,29.43478261,38.84782609
SOUTH WESTERN FREE STATE,PP100,1S,10,22.2,31.37894737
SOUTH WESTERN FREE STATE,PP100,1U,10,18.50632911,31.79746835
SOUTH WESTERN FREE STATE,PP100,1Z,10,35.12295302,51.39597315
SOUTH WESTERN FREE STATE,PP100,2L,10,38.11594203,43.9057971
SOUTH WESTERN FREE STATE,PP100,2M,10,30.38235294,38.73529412
SOUTH WESTERN FREE STATE,PP100,2R,10,28.33333333,30.62222222
SOUTH WESTERN FREE STATE,PP100,2S,10,20.34042553,22.74468085
SOUTH WESTERN FREE STATE,PP100,2U,10,15.2,16.2
SOUTH WESTERN FREE STATE,PP100,2Z,10,33.54929577,41.42253521
SOUTH WESTERN FREE STATE,PP100,3L,10,20.45652174,28.39130435
SOUTH WESTERN FREE STATE,PP100,3M,10,19.81818182,26.94318182
SOUTH WESTERN FREE STATE,PP100,3R,10,16.25,17.5
SOUTH WESTERN FREE STATE,PP100,3S,10,9.166666667,10.83333333
SOUTH WESTERN FREE STATE,PP100,3U,10,7.25,10
SOUTH WESTERN FREE STATE,PP100,3Z,10,23.33333333,30.93939394
SOUTH WESTERN FREE STATE,PP100,4L,10,26.66666667,33.33333333
SOUTH WESTERN FREE STATE,PP100,4M,10,17.45454545,22.72727273
SOUTH WESTERN FREE STATE,PP100,4R,10,10,10
SOUTH WESTERN FREE STATE,PP100,4Z,10,10,15
SOUTH WESTERN FREE STATE,SC250,X,25,63.33333333,66.66666667
SOUTHERN CAPE,PP100,1L,10,37.66666667,46
SOUTHERN CAPE,PP100,1M,10,36,39.25
SOUTHERN CAPE,PP100,2L,10,35,40
SOUTHERN CAPE,PP100,2M,10,33,33
SOUTHERN CAPE,PP100,3M,10,25,30.5
TRANSVAAL,AA010,1M,1,18.88709677,34.25806452
TRANSVAAL,AA010,1R,1,8,8
TRANSVAAL,AA010,1S,1,18,18
TRANSVAAL,AA010,S,1,30,50
TRANSVAAL,AB020,1M,2,15.55555556,16.2962963
TRANSVAAL,AB020,1Z,2,15.33333333,16
TRANSVAAL,AB020,M,2,9.661016949,16.27118644
TRANSVAAL,AB020,S,2,10,10
TRANSVAAL,AB030,2S,3,60,60
TRANSVAAL,AC030,1L,3,19.94736842,21
TRANSVAAL,AC030,1M,3,34.84615385,40.24615385
TRANSVAAL,AC030,1R,3,17.55555556,23.44444444
TRANSVAAL,AC030,1S,3,31.48648649,52.68918919
TRANSVAAL,AC030,1Z,3,21.31481481,22.03703704
TRANSVAAL,AC030,2M,3,28.07692308,34.23076923
TRANSVAAL,AC030,2S,3,13.85714286,21.42857143
TRANSVAAL,AC035,2M,3.5,16,30
TRANSVAAL,AC050,1L,5,198.6065574,221.2459016
TRANSVAAL,AC050,1M,5,177.1323529,188.8235294
TRANSVAAL,AC050,1S,5,164.2857143,168.5714286
TRANSVAAL,AC050,1U,5,52.85714286,55.71428571
TRANSVAAL,AC050,1X,5,230.3571429,236.4285714
TRANSVAAL,AC050,2L,5,196.6666667,198.75
TRANSVAAL,AC050,2M,5,217.5,221.25
TRANSVAAL,AC050,2S,5,115,118.3333333
TRANSVAAL,AC050,2X,5,370,370
TRANSVAAL,AC050,3L,5,160,160
TRANSVAAL,AC050,3M,5,130.4347826,131.0869565
TRANSVAAL,AC050,3S,5,144.1176471,148.8235294
TRANSVAAL,AD040,1L,4,31.25,31.75
TRANSVAAL,AD040,3S,4,10,10
TRANSVAAL,AD100,1L,10,764.2857143,801.7857143
TRANSVAAL,AD100,1X,10,630.952381,687.9365079
TRANSVAAL,AD100,3X,10,150,150
TRANSVAAL,AE050,1L,5,66.25,86.25
TRANSVAAL,AE050,1M,5,78.62068966,84.89655172
TRANSVAAL,AE050,M,5,13.66666667,15.66666667
TRANSVAAL,AF060,1L,6,105,105
TRANSVAAL,AF060,1M,6,105,105
TRANSVAAL,AF060,1X,6,105,105
TRANSVAAL,AF070,1L,7,34.92222222,41.3
TRANSVAAL,AF070,1M,7,33.03030303,38.36363636
TRANSVAAL,AF070,1R,7,33.41176471,36.79411765
TRANSVAAL,AF070,1X,7,34.71153846,35.40384615
TRANSVAAL,AF070,1Z,7,34.72307692,41.21538462
TRANSVAAL,AF070,2Z,7,28,31
TRANSVAAL,AG070,1L,7,32.24025974,39.48051948
TRANSVAAL,AG070,1M,7,31.11111111,36.88888889
TRANSVAAL,AG070,1S,7,28.33333333,36
TRANSVAAL,AG070,2L,7,33.31404959,38.48760331
TRANSVAAL,AG070,2M,7,31.53921569,35.87254902
TRANSVAAL,AG070,2S,7,27.62068966,30.93103448
TRANSVAAL,AG070,2X,7,34.36734694,37.44897959
TRANSVAAL,AG100,1L,10,53.65963855,65.12048193
TRANSVAAL,AG100,1M,10,67.44741379,83.43965517
TRANSVAAL,AG100,1R,10,47.99029126,62.34951456
TRANSVAAL,AG100,1S,10,34.23170732,47.29268293
TRANSVAAL,AG100,1U,10,32.25301205,49.02409639
TRANSVAAL,AG100,1X,10,47,49.11538462
TRANSVAAL,AG100,1Z,10,76.17204301,95.70967742
TRANSVAAL,AG100,2L,10,41.46428571,48
TRANSVAAL,AG100,2M,10,38.78571429,50.3
TRANSVAAL,AG100,2R,10,49,51.72222222
TRANSVAAL,AG100,2S,10,27.27272727,28.36363636
TRANSVAAL,AG100,2X,10,34,34
TRANSVAAL,AG100,2Z,10,54.87272727,57.12727273
TRANSVAAL,AG100,3R,10,32.75,34.25
TRANSVAAL,AH080,1M,8,80,80
TRANSVAAL,AI200,1M,20,177.3333333,184
TRANSVAAL,AJ100,1L,10,46.875,46.875
TRANSVAAL,AJ100,1S,10,96.66666667,103.3333333
TRANSVAAL,AJ100,1X,10,37.2037037,44.44444444
TRANSVAAL,AJ100,2M,10,30,40
TRANSVAAL,AJ100,2X,10,40.72093023,47.69767442
TRANSVAAL,AJ100,3L,10,15,20
TRANSVAAL,AJ100,3M,10,15,18.33333333
TRANSVAAL,AJ100,3S,10,13.33333333,17.33333333
TRANSVAAL,AJ100,L,10,35.31578947,39.89473684
TRANSVAAL,AJ100,M,10,33.91860465,42.27906977
TRANSVAAL,AJ100,S,10,34,35
TRANSVAAL,AO150,L,15,72.72727273,77.27272727
TRANSVAAL,AP010,1M,1,9.843137255,14.14705882
TRANSVAAL,AP010,1R,1,10.18553459,12.6918239
TRANSVAAL,AP010,1S,1,10.4,11.4
TRANSVAAL,AP010,1Z,1,6.666666667,7.5
TRANSVAAL,AP010,2M,1,9.70754717,12.33962264
TRANSVAAL,AP010,2R,1,9.705128205,13.58974359
TRANSVAAL,AP010,2S,1,9.728723404,25.57978723
TRANSVAAL,AQ170,1S,17,120,120
TRANSVAAL,AT200,1L,20,84,94
TRANSVAAL,AT200,L,20,56.19047619,67.06349206
TRANSVAAL,AT200,M,20,62.62820513,80.12820513
TRANSVAAL,AT200,S,20,41.81818182,70.90909091
TRANSVAAL,AT200,X,20,41.25,48.33333333
TRANSVAAL,AX015,1M,1.5,139,157
TRANSVAAL,AX015,1X,1.5,18,18
TRANSVAAL,AZ035,1M,3.5,14.79891304,20.27173913
TRANSVAAL,AZ035,2L,3.5,18,20
TRANSVAAL,AZ035,2M,3.5,18.33333333,19.33333333
TRANSVAAL,AZ035,2S,3.5,15.93548387,17.03225806
TRANSVAAL,BB020,1Z,2,21.24,23.29333333
TRANSVAAL,BB020,2Z,2,18.75,21.06818182
TRANSVAAL,BC180,G,18,141.875,148.3333333
TRANSVAAL,BC180,L,18,135.8555133,154.8479087
TRANSVAAL,BC180,M,18,121.2333333,129.2
TRANSVAAL,BC180,S,18,105.4,123.4
TRANSVAAL,BC180,X,18,154.512987,185.737013
TRANSVAAL,BD050,1S,5,9.6,11.6
TRANSVAAL,BD050,2S,5,16.75,18
TRANSVAAL,BD050,2U,5,17.5,22.5
TRANSVAAL,BD100,1M,10,40.83333333,43.33333333
TRANSVAAL,BD100,2M,10,18.5,30
TRANSVAAL,BE060,1,6,86.84210526,93.15789474
TRANSVAAL,BE060,1L,6,99.52142857,106.4857143
TRANSVAAL,BE060,1M,6,86.46341463,104.2682927
TRANSVAAL,BE060,1S,6,38.5,54.66666667
TRANSVAAL,BE060,1X,6,64.16666667,65.83333333
TRANSVAAL,BE060,2L,6,20,35
TRANSVAAL,BE060,2M,6,78.33333333,106.6666667
TRANSVAAL,BE060,L,6,12,17.25
TRANSVAAL,BE060,M,6,13.96774194,26.03225806
TRANSVAAL,BF070,1L,7,48.5,53.39285714
TRANSVAAL,BF070,1M,7,76.42857143,87.14285714
TRANSVAAL,BG080,1L,8,70,79
TRANSVAAL,BG080,1M,8,64.8,78
TRANSVAAL,BG080,1S,8,108.3333333,111.6666667
TRANSVAAL,BI100,1,10,54.44444444,58.88888889
TRANSVAAL,BI100,1G,10,82.1147541,89.83606557
TRANSVAAL,BI100,1L,10,75.38461538,83.97435897
TRANSVAAL,BI100,1M,10,71.17647059,81.8627451
TRANSVAAL,BI100,1S,10,63.75,67.5
TRANSVAAL,BI100,1U,10,50,53.33333333
TRANSVAAL,BI100,1X,10,70.80246914,84.25925926
TRANSVAAL,BI100,2M,10,48.75,53.75
TRANSVAAL,BI100,2S,10,35,35
TRANSVAAL,BI100,2X,10,72.85714286,81.42857143
TRANSVAAL,BI100,3G,10,70,70
TRANSVAAL,BI100,L,10,80,87.5
TRANSVAAL,BI100,M,10,69.24324324,84.24324324
TRANSVAAL,BI100,U,10,140,180
TRANSVAAL,BJ090,1L,9,62.9,80.7
TRANSVAAL,BJ090,1M,9,50,61.11111111
TRANSVAAL,BJ090,2L,9,62.03333333,78.66666667
TRANSVAAL,BJ090,2X,9,47.5,53.75
TRANSVAAL,BJ090,3L,9,54.43442623,76.5
TRANSVAAL,BJ090,3X,9,90,93.33333333
TRANSVAAL,BJ100,1L,10,78.88888889,96.66666667
TRANSVAAL,BJ100,1M,10,91.2,91.2
TRANSVAAL,BJ100,1S,10,39,50
TRANSVAAL,BJ100,2L,10,71.42424242,84.54545455
TRANSVAAL,BJ100,2M,10,54.57142857,65.85714286
TRANSVAAL,BJ100,2S,10,40,63.07692308
TRANSVAAL,BJ100,2U,10,50.83333333,65
TRANSVAAL,BJ100,2X,10,82.30769231,88.46153846
TRANSVAAL,BM050,1M,5,38.5,48.5
TRANSVAAL,BN150,1G,15,90,90
TRANSVAAL,BN150,1L,15,85.02072539,107.1088083
TRANSVAAL,BN150,1M,15,72.89655172,98.10344828
TRANSVAAL,BN150,1S,15,64.71153846,78.36538462
TRANSVAAL,BN150,1U,15,74.28571429,77.14285714
TRANSVAAL,BN150,1X,15,100.7586207,108.3448276
TRANSVAAL,BN150,2L,15,91.36666667,102.4333333
TRANSVAAL,BN150,2M,15,96.375,109.625
TRANSVAAL,BN150,2S,15,54.21052632,59.21052632
TRANSVAAL,BN150,2X,15,56.66666667,56.66666667
TRANSVAAL,BN150,3L,15,86.40625,92.8125
TRANSVAAL,BN150,3M,15,120,120
TRANSVAAL,BS060,1L,6,55.18181818,60.22727273
TRANSVAAL,BS060,1M,6,46.79901961,59.17156863
TRANSVAAL,BS060,1R,6,43.23529412,52.05294118
TRANSVAAL,BS060,1S,6,38.60869565,43.72463768
TRANSVAAL,BS060,1U,6,30,30
TRANSVAAL,BS060,1Z,6,51.73796791,66.68449198
TRANSVAAL,BS060,2L,6,45.25454545,57.12727273
TRANSVAAL,BS060,2M,6,45.95283019,58.49056604
TRANSVAAL,BS060,2R,6,42.60679612,51.2038835
TRANSVAAL,BS060,2S,6,37.01315789,45.92105263
TRANSVAAL,BS060,2X,6,48,48
TRANSVAAL,BS060,2Z,6,45.86231884,62.91304348
TRANSVAAL,BS060,3M,6,38.88679245,54.27672956
TRANSVAAL,BS060,3R,6,39.37777778,50.8
TRANSVAAL,BS060,3S,6,36.00471074,43.07909091
TRANSVAAL,BS060,3Z,6,40.64285714,58.62857143
TRANSVAAL,BV150,1G,15,84.44444444,110
TRANSVAAL,BV150,1L,15,84.16666667,100.8333333
TRANSVAAL,BV150,1M,15,82.84090909,96.22727273
TRANSVAAL,BV150,1S,15,64.16666667,66.66666667
TRANSVAAL,BV150,1U,15,72.5,72.5
TRANSVAAL,BV150,1X,15,86.5,97
TRANSVAAL,BY150,1G,15,98.82352941,110.2941176
TRANSVAAL,BY150,1L,15,117.3636364,134.9090909
TRANSVAAL,BY150,1M,15,98.33333333,105
TRANSVAAL,BY150,1S,15,92.5,92.5
TRANSVAAL,BY150,1X,15,105,113.7142857
TRANSVAAL,BY150,2L,15,45,70
TRANSVAAL,BY150,2M,15,98.33333333,98.33333333
TRANSVAAL,BY150,2X,15,107.5,110
TRANSVAAL,CB045,1,4.5,66.33333333,66.33333333
TRANSVAAL,CZ015,1,1.5,19.18181818,23.27272727
TRANSVAAL,EC120,1L,12,83.52,90.32
TRANSVAAL,EC120,1M,12,86.4,87.2
TRANSVAAL,EC120,1S,12,92.82758621,105.7586207
TRANSVAAL,EF120,1M,12,168,168
TRANSVAAL,EF120,1S,12,122,124.2857143
TRANSVAAL,HF060,M,6,14.64285714,30.35714286
TRANSVAAL,HH080,M,8,25.85714286,39.76190476
TRANSVAAL,HJ100,L,10,21.15384615,38.46153846
TRANSVAAL,HL120,X,12,35,46.66666667
TRANSVAAL,IB420,1,420,1973.466667,2366.666667
TRANSVAAL,IB420,2S,420,1560,1560
TRANSVAAL,IF380,1M,380,1424,1430
TRANSVAAL,IG500,1L,500,1000,1000
TRANSVAAL,IG500,1M,500,600,600
TRANSVAAL,IG500,2S,500,2000,2000
TRANSVAAL,JE090,1,9,58.58974359,98.97435897
TRANSVAAL,JE090,2,9,53.23809524,74.28571429
TRANSVAAL,JE090,2L,9,39.58333333,45.625
TRANSVAAL,JE090,2M,9,43.40909091,51.59090909
TRANSVAAL,JE090,2S,9,47.11111111,51.11111111
TRANSVAAL,JE090,2X,9,65,75
TRANSVAAL,JG110,2A,11,72,76
TRANSVAAL,JG110,2B,11,67.5,67.5
TRANSVAAL,JG110,2C,11,70,70
TRANSVAAL,JG110,2S,11,76.66666667,90
TRANSVAAL,JI130,0M,13,43.33333333,80
TRANSVAAL,KG160,M,16,155.5555556,157.7777778
TRANSVAAL,KI175,1M,17.5,157.5789474,175.7894737
TRANSVAAL,KI175,1S,17.5,169.6428571,218.2142857
TRANSVAAL,KI175,2L,17.5,155,160
TRANSVAAL,KI175,2M,17.5,60.83333333,80.16666667
TRANSVAAL,KR200,1M,20,56.66666667,77.33333333
TRANSVAAL,KR200,1R,20,160,160
TRANSVAAL,KR200,1S,20,80,80
TRANSVAAL,KR200,1Z,20,160,160
TRANSVAAL,KR200,2L,20,67.5,67.5
TRANSVAAL,KR200,2M,20,85,98.125
TRANSVAAL,KR200,2R,20,91.07692308,101.1538462
TRANSVAAL,KR200,2S,20,73.28125,87.5
TRANSVAAL,KR200,2Z,20,109,124.25
TRANSVAAL,KR200,3L,20,85,100
TRANSVAAL,KR200,3M,20,86.51785714,100.4464286
TRANSVAAL,KR200,3R,20,84.43396226,98.77358491
TRANSVAAL,KR200,3S,20,92.32142857,98.92857143
TRANSVAAL,KR200,3Z,20,95.90625,109.0625
TRANSVAAL,KR200,4M,20,89,90
TRANSVAAL,KR200,4R,20,120,120
TRANSVAAL,KR200,4S,20,88.33333333,98.33333333
TRANSVAAL,KY148,1G,14.8,58.33333333,60
TRANSVAAL,LA020,1,2,23.05072464,30.36231884
TRANSVAAL,LA020,1L,2,16.5,24.90721649
TRANSVAAL,LA020,1M,2,16.19281046,22.86601307
TRANSVAAL,LA020,1S,2,13.45454545,17.18181818
TRANSVAAL,LA020,2M,2,80,80
TRANSVAAL,LB043,1L,4.3,28.32258065,32.12903226
TRANSVAAL,LB043,1M,4.3,21.625,27.70833333
TRANSVAAL,LB043,1S,4.3,14.5,18
TRANSVAAL,LB043,1X,4.3,30.85185185,35.14814815
TRANSVAAL,LC080,1L,8,45,46.25
TRANSVAAL,LC080,1M,8,27.5,27.5
TRANSVAAL,LD080,1L,8,27.16666667,34.83333333
TRANSVAAL,LD080,1M,8,49.10239316,76.43589744
TRANSVAAL,LD080,1S,8,29.73076923,40.34615385
TRANSVAAL,LD080,1X,8,51,61
TRANSVAAL,LD080,2S,8,20,20
TRANSVAAL,LE040,1,4,39.54494382,57.88202247
TRANSVAAL,LE040,1L,4,83.45454545,98.18181818
TRANSVAAL,LE040,1M,4,93.82352941,111.9117647
TRANSVAAL,LE040,1S,4,113.5333333,144
TRANSVAAL,LE040,2M,4,69.28571429,77.14285714
TRANSVAAL,LE040,L,4,18,24.2
TRANSVAAL,LE040,M,4,11.18421053,14.47368421
TRANSVAAL,LF100,2M,10,80,80
TRANSVAAL,LF100,2X,10,90,90
TRANSVAAL,LG050,0M,5,21,27
TRANSVAAL,LG050,1S,5,200,200
TRANSVAAL,LH100,1G,10,50,70
TRANSVAAL,LH100,1M,10,37.6,100
TRANSVAAL,LH100,2G,10,60,60
TRANSVAAL,LH100,2L,10,64.44444444,66.66666667
TRANSVAAL,LH100,2M,10,47.88888889,71.11111111
TRANSVAAL,LH100,2S,10,29.28571429,42.14285714
TRANSVAAL,LH100,2X,10,60.41666667,62.08333333
TRANSVAAL,LI060,L,6,20.92307692,22.76923077
TRANSVAAL,LI060,M,6,20.23076923,28.58241758
TRANSVAAL,LI060,S,6,22,22
TRANSVAAL,LL075,1L,7.5,100,106.6666667
TRANSVAAL,LM080,M,8,150,150
TRANSVAAL,LQ100,2S,10,15.44444444,21.44444444
TRANSVAAL,M4183,1L,18.3,195,201.5789474
TRANSVAAL,M4183,1M,18.3,186,188
TRANSVAAL,M4183,1S,18.3,128.6363636,139.5909091
TRANSVAAL,M4183,1X,18.3,178.9375,184.25
TRANSVAAL,M6125,1L,12.5,102.5,112.5
TRANSVAAL,M6125,1M,12.5,73.33333333,93.33333333
TRANSVAAL,MA053,1A,5.3,47.5,53.33333333
TRANSVAAL,MA053,1B,5.3,40,40
TRANSVAAL,NE005,1S,0.5,7,8.153846154
TRANSVAAL,NP005,1S,0.5,4,4
TRANSVAAL,NP005,1U,0.5,5.782544379,10.68934911
TRANSVAAL,NP005,1Z,0.5,6,7
TRANSVAAL,NP005,2S,0.5,6.423076923,8.071428571
TRANSVAAL,NP040,1M,4,48.66666667,48.88888889
TRANSVAAL,NT008,1S,0.75,9.25,17.5
TRANSVAAL,OA003,0,0.33,6.493195876,6.493195876
TRANSVAAL,OB008,0,0.75,14.59351852,14.60277778
TRANSVAAL,P1070,1M,7,42.06,43.18
TRANSVAAL,P1070,1R,7,48.33333333,49.33333333
TRANSVAAL,P1070,1S,7,12,14.25
TRANSVAAL,P1070,1Z,7,39.85714286,40.38095238
TRANSVAAL,P2020,1M,2,30,30
TRANSVAAL,PC030,L,3,10.5,16
TRANSVAAL,PC030,M,3,10.77272727,18.18181818
TRANSVAAL,PD050,1,5,101.1946903,117.9424779
TRANSVAAL,PD050,1A,5,106,110
TRANSVAAL,PD050,1B,5,85,100
TRANSVAAL,PD050,1M,5,84.28571429,91.42857143
TRANSVAAL,PD050,1S,5,101.5384615,115.3846154
TRANSVAAL,PP100,1L,10,60.28472222,64.34027778
TRANSVAAL,PP100,1M,10,55.08641975,61.72222222
TRANSVAAL,PP100,1R,10,48.08695652,53.17391304
TRANSVAAL,PP100,1S,10,45.20434783,48.91304348
TRANSVAAL,PP100,1U,10,39.51388889,44.52777778
TRANSVAAL,PP100,1Z,10,57.06010929,63.54644809
TRANSVAAL,PP100,2L,10,52.67857143,55.92857143
TRANSVAAL,PP100,2M,10,47.375,49.375
TRANSVAAL,PP100,2R,10,65,70
TRANSVAAL,PP100,2S,10,48.14705882,49.70588235
TRANSVAAL,PP100,2Z,10,59.41666667,61.08333333
TRANSVAAL,PP100,3L,10,46,50.375
TRANSVAAL,PP100,3M,10,36.13043478,37.65217391
TRANSVAAL,PP100,3R,10,28.75,33.75
TRANSVAAL,PP100,3S,10,11,11
TRANSVAAL,PP100,3Z,10,31.3,32.8
TRANSVAAL,SC250,L,25,51.42857143,51.42857143
TRANSVAAL,SL025,1L,2.5,30,35.4375
TRANSVAAL,SL025,1M,2.5,20,20
TRANSVAAL,SL025,1X,2.5,33.375,37.75
TRANSVAAL,TS035,1M,3.5,22.34482759,25.17241379
TRANSVAAL,TS035,1R,3.5,25.42857143,25.92857143
TRANSVAAL,TS035,1Z,3.5,24,25.66666667
TRANSVAAL,TS035,2M,3.5,31.1875,32.5625
TRANSVAAL,TS035,2R,3.5,25.66666667,25.66666667
TRANSVAAL,TS035,2Z,3.5,20.55555556,21.44444444
TRANSVAAL,TS035,3M,3.5,18.66666667,19.41666667
TRANSVAAL,TS035,3R,3.5,33,34.5
TRANSVAAL,TS035,3Z,3.5,18.44444444,19.55555556
W.CAPE-BERGRIVER ETC,AC030,1S,3,18.84615385,18.88461538
W.CAPE-BERGRIVER ETC,EC120,1L,12,106.3232323,111.5353535
W.CAPE-BERGRIVER ETC,EC120,1M,12,105.394636,112.8429119
W.CAPE-BERGRIVER ETC,EC120,1S,12,101.7689873,108.8037975
W.CAPE-BERGRIVER ETC,EC120,2S,12,48.92857143,48.92857143
W.CAPE-BERGRIVER ETC,EF120,1M,12,97.04,104.96
W.CAPE-BERGRIVER ETC,EF120,1S,12,95.30434783,102.7826087
W.CAPE-BERGRIVER ETC,EP120,1S,12,6,6
W.CAPE-BERGRIVER ETC,IA400,1M,400,1766.666667,1766.666667
W.CAPE-BERGRIVER ETC,IA400,1S,400,1721.666667,1885
W.CAPE-BERGRIVER ETC,JE090,2L,9,50.11619718,55.69014085
W.CAPE-BERGRIVER ETC,JE090,2M,9,52.27222222,58.5
W.CAPE-BERGRIVER ETC,JE090,2S,9,51.1504065,55.94308943
W.CAPE-BERGRIVER ETC,JE090,2X,9,57.05555556,61.11111111
W.CAPE-BERGRIVER ETC,M4155,1L,15.5,96,102
W.CAPE-BERGRIVER ETC,M4183,1L,18.3,148.1694915,160.2372881
W.CAPE-BERGRIVER ETC,M4183,1M,18.3,143.2727273,146.3636364
W.CAPE-BERGRIVER ETC,M4183,1S,18.3,115.4745763,126.3220339
W.CAPE-BERGRIVER ETC,M4183,1X,18.3,152.8781163,169.4542936
W.CAPE-BERGRIVER ETC,M6125,1L,12.5,100.4782609,116.9478261
W.CAPE-BERGRIVER ETC,M6125,1M,12.5,108.8962264,120.0283019
W.CAPE-BERGRIVER ETC,M6125,1S,12.5,98.75,106.25
W.CAPE-BERGRIVER ETC,M6125,1X,12.5,96.59302326,110.4651163
W.CAPE-BERGRIVER ETC,M9125,1L,12.5,102.5,110
WEST COAST,AA010,1M,1,7.671428571,7.857142857
WEST COAST,AB020,1M,2,16.57142857,17.02857143
WEST COAST,AC030,1L,3,22.64,24.38
WEST COAST,AC030,1M,3,22.10606061,23.31818182
WEST COAST,AC030,1S,3,19.08333333,19.08333333
WEST COAST,AC030,2M,3,18,18
WEST COAST,AD040,3S,4,12.5,15
WEST COAST,AF070,1L,7,36.14285714,36.42857143
WEST COAST,AF070,1M,7,33.74285714,37.71428571
WEST COAST,AF070,1R,7,38.69090909,40.27272727
WEST COAST,AF070,1Z,7,27.52380952,32.14285714
WEST COAST,AF070,2L,7,40.15,41.15
WEST COAST,AF070,2M,7,40.19148936,41.44680851
WEST COAST,AF070,2R,7,38.375,39.25
WEST COAST,AF070,3L,7,34.28571429,34.28571429
WEST COAST,AF070,3M,7,32.1,34
WEST COAST,AF070,3R,7,36.09090909,36.18181818
WEST COAST,AG070,1L,7,65,65
WEST COAST,AG070,2L,7,30.72857143,34.85714286
WEST COAST,AG070,2M,7,30.3237037,34.69407407
WEST COAST,AG070,2S,7,23.66666667,28
WEST COAST,AG070,2X,7,38,38
WEST COAST,AG100,1L,10,97.23529412,104.2352941
WEST COAST,AG100,1M,10,76.98850575,82.57471264
WEST COAST,AG100,1R,10,67.53333333,71.90666667
WEST COAST,AG100,1S,10,59.56521739,61.17391304
WEST COAST,AG100,1U,10,52.24324324,54.83783784
WEST COAST,AG100,1Z,10,61.63636364,64.54545455
WEST COAST,AG100,2M,10,32.72727273,36.36363636
WEST COAST,AG100,2R,10,25.66666667,25.83333333
WEST COAST,AG100,2S,10,27.5,28.85714286
WEST COAST,AG100,2Z,10,25.28571429,30
WEST COAST,AJ100,2X,10,19.375,44
WEST COAST,BI100,1G,10,69.44444444,76.11111111
WEST COAST,BI100,1L,10,68.82352941,73.23529412
WEST COAST,BI100,1M,10,42.35294118,69.70588235
WEST COAST,BI100,1S,10,59.375,66.25
WEST COAST,BI100,1U,10,70,90
WEST COAST,BI100,1X,10,71.94444444,76.11111111
WEST COAST,BI100,2G,10,70,73.33333333
WEST COAST,BI100,2L,10,70,70
WEST COAST,BI100,2M,10,60,60
WEST COAST,BI100,2X,10,70,70
WEST COAST,BI100,3G,10,72.5,75
WEST COAST,BI100,3L,10,70,70
WEST COAST,BI100,3M,10,60,60
WEST COAST,BI100,3S,10,60,60
WEST COAST,BI100,3X,10,70,70
WEST COAST,BJ100,2L,10,71.66666667,93.33333333
WEST COAST,BN150,1L,15,111.5789474,116.8421053
WEST COAST,BN150,1M,15,20,20
WEST COAST,BN150,1S,15,20,20
WEST COAST,BN150,1X,15,60,63.33333333
WEST COAST,BV150,1L,15,110,110
WEST COAST,BV150,1M,15,80,93.33333333
WEST COAST,BV150,1S,15,66.66666667,74.16666667
WEST COAST,BV150,1U,15,41.5625,46.25
WEST COAST,BY150,1G,15,70,70
WEST COAST,BY150,1X,15,70,70
WEST COAST,EC120,1L,12,102.7058824,107.9607843
WEST COAST,EC120,1M,12,97.77586207,104.4137931
WEST COAST,EC120,1S,12,92.81081081,98.72072072
WEST COAST,EF120,1S,12,90.2,92.6
WEST COAST,EP120,1S,12,66.09090909,66.09090909
WEST COAST,IA400,1S,400,1250,1350
WEST COAST,JE090,2L,9,53.75757576,56.81818182
WEST COAST,JE090,2M,9,52.94845361,55.95876289
WEST COAST,JE090,2S,9,50.4084507,52.43661972
WEST COAST,JE090,2U,9,40,45
WEST COAST,JE090,2X,9,45,47.5
WEST COAST,LB043,1X,4.3,21,34
WEST COAST,LC080,1L,8,40,40
WEST COAST,LC080,3S,8,40,40
WEST COAST,M4183,1L,18.3,151.66,158.5
WEST COAST,M4183,1M,18.3,135,135
WEST COAST,M4183,1S,18.3,148.3333333,153.3333333
WEST COAST,M4183,1X,18.3,144.9863014,147.9452055
WEST COAST,M6125,1L,12.5,101.25,110
WEST COAST,M6125,1M,12.5,117.6666667,128.3333333
WEST COAST,M6125,1S,12.5,50,55
WEST COAST,M6125,1U,12.5,60,60
WEST COAST,M6125,1X,12.5,114.25,123.2142857
WEST COAST,M6125,2L,12.5,50,50
WEST COAST,M6125,2S,12.5,50,50
WEST COAST,P1070,1L,7,25,25
WEST COAST,P1070,1M,7,25,25
WEST COAST,P1070,1Z,7,23.25,26.25
WEST COAST,P1070,3M,7,10,24
WEST COAST,PP100,1L,10,36.45454545,44.45454545
WEST COAST,PP100,1M,10,54.33333333,55.66666667
WEST COAST,PP100,1R,10,27.5,30
WEST COAST,PP100,2L,10,48.33333333,56.66666667
WEST COAST,PP100,2M,10,34,43.5
WEST COAST,PP100,2Z,10,41,52
WEST COAST,PP100,3L,10,12.5,20
WEST COAST,PP100,3R,10,5,5
WESTERN CAPE - CERES,AA010,1L,1,8,8
WESTERN CAPE - CERES,AA010,1M,1,7.461538462,7.666666667
WESTERN CAPE - CERES,AA010,1R,1,5.75,5.75
WESTERN CAPE - CERES,AA010,1S,1,1,1
WESTERN CAPE - CERES,AA010,1Z,1,10.57692308,10.80769231
WESTERN CAPE - CERES,AA010,2M,1,6,6
WESTERN CAPE - CERES,AA010,2Z,1,4,4
WESTERN CAPE - CERES,AB020,1M,2,14.71875,15.859375
WESTERN CAPE - CERES,AB020,1Z,2,15.53703704,15.7962963
WESTERN CAPE - CERES,AC030,1L,3,21.33928571,22.16071429
WESTERN CAPE - CERES,AC030,1M,3,16.48571429,16.97142857
WESTERN CAPE - CERES,AC030,1R,3,16,16
WESTERN CAPE - CERES,AC030,1Z,3,21.2,21.55555556
WESTERN CAPE - CERES,AE050,1M,5,36.4,36.8
WESTERN CAPE - CERES,AF070,1L,7,36.87096774,42.27956989
WESTERN CAPE - CERES,AF070,1M,7,37.89655172,44.48275862
WESTERN CAPE - CERES,AF070,1R,7,37.97894737,41.53684211
WESTERN CAPE - CERES,AF070,1X,7,47.4375,47.5
WESTERN CAPE - CERES,AF070,1Z,7,37.73309735,43.48672566
WESTERN CAPE - CERES,AF070,2L,7,31.05319149,34.9787234
WESTERN CAPE - CERES,AF070,2M,7,27.18382353,33.74264706
WESTERN CAPE - CERES,AF070,2R,7,13,23.5
WESTERN CAPE - CERES,AF070,2Z,7,27.24025974,34.81168831
WESTERN CAPE - CERES,AF070,3L,7,49.4,49.4
WESTERN CAPE - CERES,AF070,3M,7,21.53846154,22.69230769
WESTERN CAPE - CERES,AF070,3Z,7,22,22
WESTERN CAPE - CERES,AG100,1L,10,60.22222222,71.83040936
WESTERN CAPE - CERES,AG100,1M,10,71.39303483,89.20895522
WESTERN CAPE - CERES,AG100,1R,10,56.66183575,70.49758454
WESTERN CAPE - CERES,AG100,1S,10,41.80555556,52.42592593
WESTERN CAPE - CERES,AG100,1U,10,57.575,67.7
WESTERN CAPE - CERES,AG100,1X,10,49.64,51.3
WESTERN CAPE - CERES,AG100,1Z,10,60.68716578,79.22994652
WESTERN CAPE - CERES,AG100,2L,10,46.72307692,52.10769231
WESTERN CAPE - CERES,AG100,2M,10,45.45804348,54.36956522
WESTERN CAPE - CERES,AG100,2R,10,48.33333333,51.39393939
WESTERN CAPE - CERES,AG100,2S,10,36.96,40.64
WESTERN CAPE - CERES,AG100,2U,10,20,20
WESTERN CAPE - CERES,AG100,2Z,10,51.13559322,59.94067797
WESTERN CAPE - CERES,AG100,3L,10,45.73469388,48.40816327
WESTERN CAPE - CERES,AG100,3M,10,44.95,47.1
WESTERN CAPE - CERES,AG100,3R,10,47.62264151,49.28301887
WESTERN CAPE - CERES,AG100,3S,10,27.75,31.25
WESTERN CAPE - CERES,AG100,3U,10,6,6
WESTERN CAPE - CERES,AG100,3Z,10,50.12307692,54.67692308
WESTERN CAPE - CERES,PP100,1L,10,32.1,39.5
WESTERN CAPE - CERES,PP100,1M,10,29.6,38.2
WESTERN CAPE - CERES,PP100,1R,10,25,27.5
WESTERN CAPE - CERES,PP100,1S,10,16,18
WESTERN CAPE - CERES,PP100,1Z,10,32,42
WESTERN CAPE - CERES,PP100,2L,10,36.6,41.2
WESTERN CAPE - CERES,PP100,2M,10,23.66666667,32.33333333
WESTERN CAPE - CERES,PP100,2S,10,16,16
WESTERN CAPE - CERES,PP100,3M,10,10.4,12.4
WESTERN FREESTATE,AC030,1R,3,16,18
WESTERN FREESTATE,AC030,1Z,3,18,18
WESTERN FREESTATE,AF070,1L,7,24.21428571,26.89285714
WESTERN FREESTATE,AF070,1M,7,30.04166667,31.54166667
WESTERN FREESTATE,AF070,1R,7,29.85714286,30.28571429
WESTERN FREESTATE,AF070,1Z,7,21.14285714,26.66666667
WESTERN FREESTATE,AF070,2M,7,28.33333333,32.18518519
WESTERN FREESTATE,AF070,2R,7,21.55555556,23.55555556
WESTERN FREESTATE,AF070,2Z,7,20.83333333,20.83333333
WESTERN FREESTATE,AG100,1L,10,51.08333333,53.33333333
WESTERN FREESTATE,AG100,1M,10,49.18367347,66.32653061
WESTERN FREESTATE,AG100,1R,10,42.90740741,52.64814815
WESTERN FREESTATE,AG100,1S,10,34.88095238,37.21428571
WESTERN FREESTATE,AG100,1U,10,37.02380952,43.64285714
WESTERN FREESTATE,AG100,1X,10,35,35
WESTERN FREESTATE,AG100,1Z,10,47.85,52.91666667
WESTERN FREESTATE,AG100,2L,10,32.84210526,33.84210526
WESTERN FREESTATE,AG100,2M,10,29.28571429,35.03571429
WESTERN FREESTATE,AG100,2R,10,28.16129032,36.12903226
WESTERN FREESTATE,AG100,2S,10,23.34615385,30.53846154
WESTERN FREESTATE,AG100,2U,10,10,25
WESTERN FREESTATE,AG100,2X,10,28,30
WESTERN FREESTATE,AG100,2Z,10,30.27272727,32
WESTERN FREESTATE,AG100,3M,10,15.33333333,21.83333333
WESTERN FREESTATE,P1070,1L,7,18.22222222,19.77777778
WESTERN FREESTATE,P1070,1M,7,29.4829932,33.3877551
WESTERN FREESTATE,P1070,1R,7,28.5,30.9009434
WESTERN FREESTATE,P1070,1Z,7,29.06060606,32.02020202
WESTERN FREESTATE,P1070,2L,7,45,45
WESTERN FREESTATE,P1070,2M,7,32.95121951,34.36585366
WESTERN FREESTATE,P1070,2R,7,27.82608696,30.69565217
WESTERN FREESTATE,P1070,2Z,7,35.93333333,36.86666667
WESTERN FREESTATE,PP100,1L,10,44.47908367,51.8247012
WESTERN FREESTATE,PP100,1M,10,40.28030303,49.60606061
WESTERN FREESTATE,PP100,1R,10,33.49725275,39.57692308
WESTERN FREESTATE,PP100,1S,10,30.71494845,35.26804124
WESTERN FREESTATE,PP100,1U,10,26.87919463,33.51677852
WESTERN FREESTATE,PP100,1Z,10,42.81494662,54.54448399
WESTERN FREESTATE,PP100,2L,10,41.16326531,44.89115646
WESTERN FREESTATE,PP100,2M,10,33.00454545,38.01103896
WESTERN FREESTATE,PP100,2R,10,33.12820513,34.92307692
WESTERN FREESTATE,PP100,2S,10,27.01428571,30.6
WESTERN FREESTATE,PP100,2U,10,28.69230769,31.07692308
WESTERN FREESTATE,PP100,2Z,10,38.79333333,42.14666667
WESTERN FREESTATE,PP100,3L,10,32.10144928,36.39130435
WESTERN FREESTATE,PP100,3M,10,27.54719298,32
WESTERN FREESTATE,PP100,3S,10,28.84210526,31.31578947
WESTERN FREESTATE,PP100,3Z,10,30.72706422,35.09174312
WESTERN FREESTATE,PP100,4L,10,50,55
WESTERN FREESTATE,PP100,4M,10,19,22.7
WESTERN FREESTATE,PP100,4R,10,5,10
WESTERN FREESTATE,PP100,4S,10,5,5
WESTERN FREESTATE,PP100,4Z,10,20,20